"Section","Item","Url","Status","SavedAs"
"Section 0 _ Principles","Video-Train","https://notebooklm.google.com/notebook/94371811-0267-4c76-a272-0b49d2e52a43?artifactId=05f15e8a-d940-47af-a432-d9f6d8093dce","downloaded","Video-Train.bin"
"Section 0 _ Principles","Slide","https://notebooklm.google.com/notebook/94371811-0267-4c76-a272-0b49d2e52a43?artifactId=51612d69-e517-4321-a16e-050f1caefd42","downloaded","Slide.bin"
"Section 0 _ Principles","Voice Prezo","https://docs.google.com/videos/d/1N__1JUFVPrbRo9hRvpd3rbefcSgSbMQtnkoG6ZftEUU/edit?usp=sharing","downloaded","Voice Prezo.bin"
"Section 0 _ Principles","Flashcards","https://notebooklm.google.com/notebook/94371811-0267-4c76-a272-0b49d2e52a43?artifactId=83801487-af56-498c-bc2d-246aa78f1739","downloaded","Flashcards.bin"
"Section 0 _ Principles","Quiz","https://notebooklm.google.com/notebook/94371811-0267-4c76-a272-0b49d2e52a43?artifactId=a02d98b6-cf14-42f5-84f6-d6b4e7d3ad2a","downloaded","Quiz.bin"
"Section 1 _ Scope and Definition","Video-Train","https://notebooklm.google.com/notebook/829b3633-b6a0-4c79-b203-1db386ff324f?artifactId=1e4ad755-9b20-49e6-83c1-fe92615a5449","downloaded","Video-Train.bin"
"Section 1 _ Scope and Definition","Slide","https://notebooklm.google.com/notebook/829b3633-b6a0-4c79-b203-1db386ff324f?artifactId=f8dcb1b6-3cdc-429f-850a-55371dcf3b98","downloaded","Slide.bin"
"Section 1 _ Scope and Definition","Voice Prezo","https://docs.google.com/videos/d/1wXZjbEPLAubuTVheuOrB768U76df_lTBqX4vKCWuNNg/edit?usp=sharing","downloaded","Voice Prezo.bin"
"Section 1 _ Scope and Definition","Flashcards","https://notebooklm.google.com/notebook/829b3633-b6a0-4c79-b203-1db386ff324f?artifactId=4fbce11f-bae1-45b1-b4c5-94a46103716c","downloaded","Flashcards.bin"
"Section 1 _ Scope and Definition","Quiz","https://notebooklm.google.com/notebook/829b3633-b6a0-4c79-b203-1db386ff324f?artifactId=ae152941-caf7-4371-a504-3355459530fb","downloaded","Quiz.bin"
"Section 4 _ General Requirements","Video","https://notebooklm.google.com/notebook/072f545c-cdb4-4ac7-b8e0-65f21346b889?artifactId=4e0b01a6-2679-4674-aa39-869f2c4394e5","downloaded","Video.bin"
"Section 4 _ General Requirements","Video (train)","https://notebooklm.google.com/notebook/072f545c-cdb4-4ac7-b8e0-65f21346b889?artifactId=6dcea68d-8758-4d39-beae-9fcc75208072","downloaded","Video (train).bin"
"Section 4 _ General Requirements","Slide","https://notebooklm.google.com/notebook/072f545c-cdb4-4ac7-b8e0-65f21346b889?artifactId=2a06a1c7-d1fd-409c-b873-6e6120da4d5a","downloaded","Slide.bin"
"Section 4 _ General Requirements","Voice Prezo","https://docs.google.com/videos/d/1Cg6xog5fdMOLqRVDaGYdyQ2hDl5gPctSS5HZEUjT_Eg/edit?usp=sharing","downloaded","Voice Prezo.bin"
"Section 4 _ General Requirements","Flashcards","https://notebooklm.google.com/notebook/072f545c-cdb4-4ac7-b8e0-65f21346b889?artifactId=116fbd3e-61e0-4d3a-9286-f8d35fd12092","downloaded","Flashcards.bin"
"Section 4 _ General Requirements","Quiz","https://notebooklm.google.com/notebook/072f545c-cdb4-4ac7-b8e0-65f21346b889?artifactId=e99535bd-972a-498c-831e-500e1e7c733c","downloaded","Quiz.bin"
"Section 5 _ Electrical Injury","Video","https://notebooklm.google.com/notebook/1b0cda5d-bd90-40a4-98b8-6efa82d84ae6?artifactId=d67df7ed-95ce-465c-94b9-0fcc6a23ecc2","downloaded","Video.bin"
"Section 5 _ Electrical Injury","Slide","https://notebooklm.google.com/notebook/1b0cda5d-bd90-40a4-98b8-6efa82d84ae6?artifactId=c9dc39d4-74c2-4e66-8f9d-03864c139f60","downloaded","Slide.bin"
"Section 5 _ Electrical Injury","Voice Prezo","https://docs.google.com/videos/d/1lpKRLakRFWpW4wPgQIadiaqL3UI3lLgL-DnSFChEqtk/edit?usp=sharing","downloaded","Voice Prezo.bin"
"Section 5 _ Electrical Injury","Flashcards","https://notebooklm.google.com/notebook/1b0cda5d-bd90-40a4-98b8-6efa82d84ae6?artifactId=f9187365-4f6b-4f8c-b7be-aa4feb7500c5","downloaded","Flashcards.bin"
"Section 5 _ Electrical Injury","Quiz","https://notebooklm.google.com/notebook/1b0cda5d-bd90-40a4-98b8-6efa82d84ae6?artifactId=9fa5a45d-949d-4133-bbe0-0a3d818a8303","downloaded","Quiz.bin"
"Section 5.4 _ Insulation","Video","https://notebooklm.google.com/notebook/88b4fa6b-34e8-44fe-a0ce-58703c568a20?artifactId=f59c79f0-33c8-453d-b1b9-ba02a40b9b4d","downloaded","Video.bin"
"Section 5.4 _ Insulation","Slide","https://notebooklm.google.com/notebook/88b4fa6b-34e8-44fe-a0ce-58703c568a20?artifactId=fb5e3581-4fda-44e4-b284-5fa341a6bd89","downloaded","Slide.bin"
"Section 5.4 _ Insulation","Voice Prezo","https://docs.google.com/videos/d/1S7L8qbOmK2W96IEz7L8ohkhPQ_9bNOu0eh1ol_8npUw/edit?usp=sharing","downloaded","Voice Prezo.bin"
"Section 5.4 _ Insulation","Flashcards","https://notebooklm.google.com/notebook/88b4fa6b-34e8-44fe-a0ce-58703c568a20?artifactId=6fab9201-ff26-4790-b444-e62d6f58352b","downloaded","Flashcards.bin"
"Section 5.4 _ Insulation","Quiz","https://notebooklm.google.com/notebook/88b4fa6b-34e8-44fe-a0ce-58703c568a20?artifactId=cc8a924d-05ee-4a2d-91c3-d9775e423688","downloaded","Quiz.bin"
"Section 5.4.2  _ Clearances","Video","https://notebooklm.google.com/notebook/7a63f794-f35e-4e11-a13a-c3e9f9141c97?artifactId=526d26b2-016d-441c-b190-dd1edbd0a0fe","downloaded","Video.bin"
"Section 5.4.2  _ Clearances","Slide","https://notebooklm.google.com/notebook/7a63f794-f35e-4e11-a13a-c3e9f9141c97?artifactId=534d1db2-5c32-4010-b9db-aed25fb8f33c","downloaded","Slide.bin"
"Section 5.4.2  _ Clearances","Voice Prezo","https://docs.google.com/videos/d/12Jw5JkfkS3VjRv9y-T3_aPFIYjHv5-ELTEjAmb1kbSk/edit?usp=sharing","downloaded","Voice Prezo.bin"
"Section 5.4.2  _ Clearances","Flashcards","https://notebooklm.google.com/notebook/7a63f794-f35e-4e11-a13a-c3e9f9141c97?artifactId=b93a85ae-28e3-4a24-b395-8e54b395a52e","downloaded","Flashcards.bin"
"Section 5.4.2  _ Clearances","Quiz","https://notebooklm.google.com/notebook/7a63f794-f35e-4e11-a13a-c3e9f9141c97?artifactId=c35aacd1-d5db-42c7-a7b5-3c4f01c16382","downloaded","Quiz.bin"
"Section 5.4.3  _ Creepage","Video","https://notebooklm.google.com/notebook/a4242b61-7b85-41e2-9d05-0e120d2f8e8d?artifactId=20e80b62-6124-413f-b363-842bbd845d6d","downloaded","Video.bin"
"Section 5.4.3  _ Creepage","Slide","https://notebooklm.google.com/notebook/db6d8829-75ea-4fb2-9b62-b29a6ac3d6cd?artifactId=5707189e-5ce2-4ba6-a3f8-7c329f200b97","downloaded","Slide.bin"
"Section 5.4.3  _ Creepage","Voice Prezo","https://docs.google.com/videos/d/1lSOjYYJ_GWpj-10qd0TXT0DmotrkJxAc70sK2uf41EA/edit?usp=sharing","downloaded","Voice Prezo.bin"
"Section 5.4.3  _ Creepage","Flashcards","https://notebooklm.google.com/notebook/a4242b61-7b85-41e2-9d05-0e120d2f8e8d?artifactId=3494580d-ef11-4486-afa2-c84a9e75aabf","downloaded","Flashcards.bin"
"Section 5.4.3  _ Creepage","Quiz","https://notebooklm.google.com/notebook/a4242b61-7b85-41e2-9d05-0e120d2f8e8d?artifactId=cd4f7e90-f286-4c73-9965-298ffb6d283c","downloaded","Quiz.bin"
"Section 5.4.4 _ Solid Insulation","Video","https://notebooklm.google.com/notebook/9b431a62-e2af-4d56-ba2b-559323403d81?artifactId=4f80631b-b78a-443f-8faa-bfa683b1d7c0","downloaded","Video.bin"
"Section 5.4.4 _ Solid Insulation","Slide","https://notebooklm.google.com/notebook/9b431a62-e2af-4d56-ba2b-559323403d81?artifactId=f4726d75-90e7-44be-a8b5-53939dfb138a","downloaded","Slide.bin"
"Section 5.4.4 _ Solid Insulation","Voice Prezo","https://docs.google.com/videos/d/13KZcnU16aQX9Lo460rqaVpcuGiHqxa_SEUuenhySqVg/edit?usp=sharing","downloaded","Voice Prezo.bin"
"Section 5.4.4 _ Solid Insulation","Flashcards","https://notebooklm.google.com/notebook/9b431a62-e2af-4d56-ba2b-559323403d81?artifactId=2cd99f48-d196-456a-8d30-a840bdd62063","downloaded","Flashcards.bin"
"Section 5.4.4 _ Solid Insulation","Quiz","https://notebooklm.google.com/notebook/9b431a62-e2af-4d56-ba2b-559323403d81?artifactId=a5d6ebf2-b0bf-4c7e-80f6-af03cf46ad17","downloaded","Quiz.bin"
"Section 5.4.9 _ Electric Strength","Video","https://notebooklm.google.com/notebook/db6d8829-75ea-4fb2-9b62-b29a6ac3d6cd?artifactId=93e1c0ac-8379-4232-91aa-9c4060ecaf24","downloaded","Video.bin"
"Section 5.4.9 _ Electric Strength","Slide","https://notebooklm.google.com/notebook/db6d8829-75ea-4fb2-9b62-b29a6ac3d6cd?artifactId=5707189e-5ce2-4ba6-a3f8-7c329f200b97","downloaded","Slide.bin"
"Section 5.4.9 _ Electric Strength","Voice Prezo","https://docs.google.com/videos/d/17-knaPjBDYG-xD9TJ8mn3jBhaHqrhILpaPCQa29hdZQ/edit?usp=sharing","downloaded","Voice Prezo.bin"
"Section 5.4.9 _ Electric Strength","Flashcards","https://notebooklm.google.com/notebook/db6d8829-75ea-4fb2-9b62-b29a6ac3d6cd?artifactId=a05ca7a0-3af3-4a4b-a517-1c328484a266","downloaded","Flashcards.bin"
"Section 5.4.9 _ Electric Strength","Quiz","https://notebooklm.google.com/notebook/db6d8829-75ea-4fb2-9b62-b29a6ac3d6cd?artifactId=4daaaca3-097e-4d06-903c-7b43b3e5d0f8","downloaded","Quiz.bin"
"Section 5.5 _ Components","Video","https://notebooklm.google.com/notebook/c878aa9f-b055-4db2-8a1d-4d2cd28d6fb2?artifactId=3bb6e6c5-059a-4fec-99c0-ce7219b7fa5c","downloaded","Video.bin"
"Section 5.5 _ Components","Slide","https://notebooklm.google.com/notebook/c878aa9f-b055-4db2-8a1d-4d2cd28d6fb2?artifactId=671b0320-8ae3-41c7-b6ed-472c1c7defd2","downloaded","Slide.bin"
"Section 5.5 _ Components","Voice Prezo","https://docs.google.com/videos/d/1TugwcgK4odgVeeLtORSz-rwSsRaXN2Nfno4m_wHq_fM/edit?usp=sharing","downloaded","Voice Prezo.bin"
"Section 5.5 _ Components","Flashcards","https://notebooklm.google.com/notebook/c878aa9f-b055-4db2-8a1d-4d2cd28d6fb2?artifactId=18277dda-f0a5-41ea-99e1-6bb8a241ed04","downloaded","Flashcards.bin"
"Section 5.5 _ Components","Quiz","https://notebooklm.google.com/notebook/c878aa9f-b055-4db2-8a1d-4d2cd28d6fb2?artifactId=795647f6-cb30-452d-8b20-f0c98cfccc7c","downloaded","Quiz.bin"
"Section 5.6 _ Protective Conductor","Video","https://notebooklm.google.com/notebook/4a1a505a-f05f-456e-bb94-d9d9d0134592?artifactId=179a5971-f5fd-42a4-8149-83ab4356cfcc","downloaded","Video.bin"
"Section 5.6 _ Protective Conductor","Slide","https://notebooklm.google.com/notebook/4a1a505a-f05f-456e-bb94-d9d9d0134592?artifactId=e3ca5b30-3944-4984-b82a-083a820efdfa","downloaded","Slide.bin"
"Section 5.6 _ Protective Conductor","Voice Prezo","https://docs.google.com/videos/d/18AH_4u93avEnWE4XVOUeoy_FNTC9Aa8fxrC3IJ8CB1M/edit?usp=sharing","downloaded","Voice Prezo.bin"
"Section 5.6 _ Protective Conductor","Flashcards","https://notebooklm.google.com/notebook/4a1a505a-f05f-456e-bb94-d9d9d0134592?artifactId=80b89a83-b6d9-46c3-9bed-3a1f53d67ef6","downloaded","Flashcards.bin"
"Section 5.6 _ Protective Conductor","Quiz","https://notebooklm.google.com/notebook/4a1a505a-f05f-456e-bb94-d9d9d0134592?artifactId=b23318b3-0004-47ac-85a2-fd587c21c822","downloaded","Quiz.bin"
"Section 5.7 _ Touch Current","Video","https://notebooklm.google.com/notebook/9aabb1f3-f6ce-4ea6-8fef-5c4bda12df5c?artifactId=555f6e89-cff4-451f-a267-588bc03e5758","downloaded","Video.bin"
"Section 5.7 _ Touch Current","Slide","https://notebooklm.google.com/notebook/9aabb1f3-f6ce-4ea6-8fef-5c4bda12df5c?artifactId=1993cff2-028b-492d-b955-20ccdb08ad29","downloaded","Slide.bin"
"Section 5.7 _ Touch Current","Voice Prezo","https://docs.google.com/videos/d/1WVHwg77heBcGBShZnPnqAmOK23O7fowtSrrFOSJIuJg/edit?usp=sharing","downloaded","Voice Prezo.bin"
"Section 5.7 _ Touch Current","Flashcards","https://notebooklm.google.com/notebook/9aabb1f3-f6ce-4ea6-8fef-5c4bda12df5c?artifactId=fe1f8ffd-32b6-47a9-9c08-dfffaa8942f9","downloaded","Flashcards.bin"
"Section 5.7 _ Touch Current","Quiz","https://notebooklm.google.com/notebook/9aabb1f3-f6ce-4ea6-8fef-5c4bda12df5c?artifactId=36731aa9-bcd9-4df2-824d-486fba0a14b8","downloaded","Quiz.bin"
"Section 6 _ Fire","Video","https://notebooklm.google.com/notebook/96587281-52f1-4fd2-98f7-a7e9e85808ae?artifactId=15e9d893-0c94-4bcb-93c1-9a7017a30f41","downloaded","Video.bin"
"Section 6 _ Fire","Slide","https://notebooklm.google.com/notebook/96587281-52f1-4fd2-98f7-a7e9e85808ae?artifactId=ed2da6b7-34a0-4e74-af20-80413cd1beb1","downloaded","Slide.bin"
"Section 6 _ Fire","Voice Prezo","https://docs.google.com/videos/d/1MD-IdhT9Ttv_kIqmcZuVK7OBcsXDMa3BzAJo8LKO_wo/edit?usp=sharing","downloaded","Voice Prezo.bin"
"Section 6 _ Fire","Flashcards","https://notebooklm.google.com/notebook/96587281-52f1-4fd2-98f7-a7e9e85808ae?artifactId=5f428425-e4eb-4a4b-abe8-fb08457a5e53","downloaded","Flashcards.bin"
"Section 6 _ Fire","Quiz","https://notebooklm.google.com/notebook/96587281-52f1-4fd2-98f7-a7e9e85808ae?artifactId=7e01bb1a-bdbc-46a5-9040-4e390bc66253","downloaded","Quiz.bin"
"Section 6.4.8 _ Fire Enclosure","Video","https://notebooklm.google.com/notebook/df319cb2-f3c1-4549-8c1d-50477094e864?artifactId=f25c3db5-a9c5-4e9d-b9ec-25a5723301c5","downloaded","Video.bin"
"Section 6.4.8 _ Fire Enclosure","Slide","https://notebooklm.google.com/notebook/df319cb2-f3c1-4549-8c1d-50477094e864?artifactId=07b04b15-d540-4d37-abf7-e11c70ed721a","downloaded","Slide.bin"
"Section 6.4.8 _ Fire Enclosure","Voice Prezo","https://docs.google.com/videos/d/1RC2o4osKHFvCxix2ZeWiBdIJkjcXPPjnb6WVb94obe0/edit?usp=sharing","downloaded","Voice Prezo.bin"
"Section 6.4.8 _ Fire Enclosure","Flashcards","https://notebooklm.google.com/notebook/df319cb2-f3c1-4549-8c1d-50477094e864?artifactId=b131ec43-9228-417b-9173-97c7e54aa5f2","downloaded","Flashcards.bin"
"Section 6.4.8 _ Fire Enclosure","Quiz","https://notebooklm.google.com/notebook/df319cb2-f3c1-4549-8c1d-50477094e864?artifactId=91eb3949-0650-4415-878f-45982905e523","downloaded","Quiz.bin"
"Section 6.5 _ Wiring","Video","https://notebooklm.google.com/notebook/0df01320-f3c9-432b-98dc-b7f6591d96f0?artifactId=433499ff-f165-4403-b02d-a4e48c428cfd","downloaded","Video.bin"
"Section 6.5 _ Wiring","Slide","https://notebooklm.google.com/notebook/0df01320-f3c9-432b-98dc-b7f6591d96f0?artifactId=27240d82-b8a4-4026-8f39-3f816c72eb8a","downloaded","Slide.bin"
"Section 6.5 _ Wiring","Voice Prezo","https://docs.google.com/videos/d/1UV3wYJVn14s9lRB3x-G9fuwihBMhvSvLlB4Sug6dpLI/edit?usp=sharing","downloaded","Voice Prezo.bin"
"Section 6.5 _ Wiring","Flashcards","https://notebooklm.google.com/notebook/0df01320-f3c9-432b-98dc-b7f6591d96f0?artifactId=75ef9408-d965-4168-857d-e74f5373dd82","downloaded","Flashcards.bin"
"Section 6.5 _ Wiring","Quiz","https://notebooklm.google.com/notebook/0df01320-f3c9-432b-98dc-b7f6591d96f0?artifactId=c7de2821-fb28-4729-9d22-5efc9f3ee2ce","downloaded","Quiz.bin"
"Section 7 _ Hazardous Substances","Video","https://notebooklm.google.com/notebook/531c2f34-6ce3-48ef-a906-4efe40c7d1e2?artifactId=5d5d7abb-920b-4e56-ade6-3aa38148d521","downloaded","Video.bin"
"Section 7 _ Hazardous Substances","Slide","https://notebooklm.google.com/notebook/531c2f34-6ce3-48ef-a906-4efe40c7d1e2?artifactId=cd7e143c-8f4d-49e6-acd8-6f50544b9a19","downloaded","Slide.bin"
"Section 7 _ Hazardous Substances","Voice Prezo","https://docs.google.com/videos/d/1iqjrqPiRtiFdt4V0p8cW0dkgHEV3q1ydWLi-jneOE7g/edit?usp=sharing","downloaded","Voice Prezo.bin"
"Section 7 _ Hazardous Substances","Flashcards","https://notebooklm.google.com/notebook/531c2f34-6ce3-48ef-a906-4efe40c7d1e2?artifactId=a327cab7-fbb2-4f48-8e49-cba8a10b7f40","downloaded","Flashcards.bin"
"Section 7 _ Hazardous Substances","Quiz","https://notebooklm.google.com/notebook/531c2f34-6ce3-48ef-a906-4efe40c7d1e2?artifactId=b226abdc-b6dc-4d64-a339-24c36fbd4040","downloaded","Quiz.bin"
"Section 8 _ Mechanical","Video","https://notebooklm.google.com/notebook/55c9530b-5134-494c-a3c3-237acd8fd8d5?artifactId=60fa6b18-95ae-4ce2-9e2c-be72b2f24770","downloaded","Video.bin"
"Section 8 _ Mechanical","Slide","https://notebooklm.google.com/notebook/55c9530b-5134-494c-a3c3-237acd8fd8d5?artifactId=1a4d317a-223d-43b1-828e-a5eb64bb05cd","downloaded","Slide.bin"
"Section 8 _ Mechanical","Voice Prezo","https://docs.google.com/videos/d/1Xqud2tnqI2I-Wrq4jkN68bpFdnmpaDpI25GtNiUhySY/edit?usp=sharing","downloaded","Voice Prezo.bin"
"Section 8 _ Mechanical","Flashcards","https://notebooklm.google.com/notebook/55c9530b-5134-494c-a3c3-237acd8fd8d5","downloaded","Flashcards.bin"
"Section 8 _ Mechanical","Quiz","https://notebooklm.google.com/notebook/55c9530b-5134-494c-a3c3-237acd8fd8d5?artifactId=77b4f89b-3ed2-4dee-965b-1d646139b7a0","downloaded","Quiz.bin"
"Section 9 _ Thermal Burn","Video","https://notebooklm.google.com/notebook/5a193b57-0714-4de7-885d-0f6cd58843f4?artifactId=62a52134-10de-4261-afcf-797d4dd79e83","downloaded","Video.bin"
"Section 9 _ Thermal Burn","Slide","https://notebooklm.google.com/notebook/5a193b57-0714-4de7-885d-0f6cd58843f4?artifactId=005565fc-4566-4cce-a9b3-5bf8b199155d","downloaded","Slide.bin"
"Section 9 _ Thermal Burn","Voice Prezo","https://docs.google.com/videos/d/13Os6HeewS0uQNzGgOoSmJKOqbnfUTRq4c6Z--uZ2CTQ/edit?usp=sharing","downloaded","Voice Prezo.bin"
"Section 9 _ Thermal Burn","Flashcards","https://notebooklm.google.com/notebook/5a193b57-0714-4de7-885d-0f6cd58843f4?artifactId=b86c811e-f801-48f7-987b-9e4bd33c25f9","downloaded","Flashcards.bin"
"Section 9 _ Thermal Burn","Quiz","https://notebooklm.google.com/notebook/5a193b57-0714-4de7-885d-0f6cd58843f4?artifactId=6b5570a9-b9cf-497c-b4c8-ec7f3a92fa90","downloaded","Quiz.bin"
"Section 10 _ Radiation and Acoustic","Video","https://notebooklm.google.com/notebook/99fd9a01-55e0-45e4-9579-104c11e18723?artifactId=b4bc255b-880a-4600-977f-19af979e29a7","downloaded","Video.bin"
"Section 10 _ Radiation and Acoustic","Slide","https://notebooklm.google.com/notebook/99fd9a01-55e0-45e4-9579-104c11e18723?artifactId=b80cb7b9-c6b8-4d4b-9f03-ad5f6c0dec6b","downloaded","Slide.bin"
"Section 10 _ Radiation and Acoustic","Voice Prezo","https://docs.google.com/videos/d/1uOKciuegUvg4HyfGm2WjF8uTGh8EYy6jAO3AWWLPK9I/edit?usp=sharing","downloaded","Voice Prezo.bin"
"Section 10 _ Radiation and Acoustic","Flashcards","https://notebooklm.google.com/notebook/99fd9a01-55e0-45e4-9579-104c11e18723?artifactId=75cc8232-d7a7-4cb9-980b-070d2a43657f","downloaded","Flashcards.bin"
"Section 10 _ Radiation and Acoustic","Quiz","https://notebooklm.google.com/notebook/99fd9a01-55e0-45e4-9579-104c11e18723?artifactId=af14c0c4-f579-483c-8f23-fbc16c881f0e","downloaded","Quiz.bin"
"Annex B _ Test Conditions","Video","https://notebooklm.google.com/notebook/d0e2485d-dc28-4af9-90dc-69af390f4225?artifactId=9c0c33f1-4fe4-49ff-91f4-1d995b71cdaa","downloaded","Video.bin"
"Annex B _ Test Conditions","Slide","https://notebooklm.google.com/notebook/d0e2485d-dc28-4af9-90dc-69af390f4225?artifactId=8ddec2c4-5289-4f5f-b6b5-c566086d9303","downloaded","Slide.bin"
"Annex B _ Test Conditions","Voice Prezo","https://docs.google.com/videos/d/1jETKYzr26HJbV3xrLkwD7v5G9nmrlmg3Hae9YUZucg4/edit?usp=sharing","downloaded","Voice Prezo.bin"
"Annex B _ Test Conditions","Flashcards","https://notebooklm.google.com/notebook/d0e2485d-dc28-4af9-90dc-69af390f4225?artifactId=f69372f5-372d-4c08-b042-2e82254949bd","downloaded","Flashcards.bin"
"Annex B _ Test Conditions","Quiz","https://notebooklm.google.com/notebook/d0e2485d-dc28-4af9-90dc-69af390f4225?artifactId=1463627b-83c8-4dae-9a73-ef5930ed53bf","downloaded","Quiz.bin"
"Annex F _ Markings","Video","https://notebooklm.google.com/notebook/bfac9623-7a12-4050-9eb8-ce7312417cfa?artifactId=8f1c49a8-4a37-4bb2-8f79-69659880aabd","downloaded","Video.bin"
"Annex F _ Markings","Slide","https://notebooklm.google.com/notebook/bfac9623-7a12-4050-9eb8-ce7312417cfa?artifactId=97c43ee3-58c0-43e6-a0bf-5cc1ddce59ae","downloaded","Slide.bin"
"Annex F _ Markings","Voice Prezo","https://docs.google.com/videos/d/1IyIGDiVVjiw1FMzVELLQRj-gWXdN7npoZY2IavVR2iI/edit?usp=sharing","downloaded","Voice Prezo.bin"
"Annex F _ Markings","Flashcards","https://notebooklm.google.com/notebook/bfac9623-7a12-4050-9eb8-ce7312417cfa?artifactId=2a51e018-d93a-4894-88ff-6570bf270853","downloaded","Flashcards.bin"
"Annex F _ Markings","Quiz","https://notebooklm.google.com/notebook/bfac9623-7a12-4050-9eb8-ce7312417cfa?artifactId=e032f547-cc59-4232-a072-5400ff2e8582","downloaded","Quiz.bin"
"Annex M _ Batteries","Video","https://notebooklm.google.com/notebook/268cd340-11b0-45c6-8b3b-76df79dccc46?artifactId=94eb3b94-38cb-47e2-8106-c04c26b7e363","downloaded","Video.bin"
"Annex M _ Batteries","Slide","https://notebooklm.google.com/notebook/268cd340-11b0-45c6-8b3b-76df79dccc46?artifactId=221ddb98-18a4-4a5d-975a-6b72c3eb2721","downloaded","Slide.bin"
"Annex M _ Batteries","Voice Prezo","https://docs.google.com/videos/d/1Q1-GkELImbO232v74RR5wtcfJYf4cfYObXETJ_JmhUI/edit?usp=sharing","downloaded","Voice Prezo.bin"
"Annex M _ Batteries","Flashcards","https://notebooklm.google.com/notebook/268cd340-11b0-45c6-8b3b-76df79dccc46?artifactId=787d3e88-8c02-4a95-a615-3da2f0356bfa","downloaded","Flashcards.bin"
"Annex M _ Batteries","Quiz","https://notebooklm.google.com/notebook/268cd340-11b0-45c6-8b3b-76df79dccc46?artifactId=c464e6e6-9b94-4d54-b5bb-d9a34f351458","downloaded","Quiz.bin"
"Annex O _ Spacing Measurement","Video","https://notebooklm.google.com/notebook/97bfaa5c-e688-42cf-88ef-084468cfb10f?artifactId=d11fc9e3-8ccf-4233-bad8-8ed2d2a00089","downloaded","Video.bin"
"Annex O _ Spacing Measurement","Slide","https://notebooklm.google.com/notebook/97bfaa5c-e688-42cf-88ef-084468cfb10f?artifactId=fc5c2600-de65-4b41-a62c-eeb3e5bd32c2","downloaded","Slide.bin"
"Annex O _ Spacing Measurement","Voice Prezo","https://docs.google.com/videos/d/1brMn6RxyUWTs3zJfGZB8PSV3rgaJwZGpIQ1lnMsuMGw/edit?usp=sharing","downloaded","Voice Prezo.bin"
"Annex O _ Spacing Measurement","Flashcards","https://notebooklm.google.com/notebook/97bfaa5c-e688-42cf-88ef-084468cfb10f?artifactId=0420d139-ec34-4219-a74e-a752bb516666","downloaded","Flashcards.bin"
"Annex O _ Spacing Measurement","Quiz","https://notebooklm.google.com/notebook/97bfaa5c-e688-42cf-88ef-084468cfb10f?artifactId=a16a5419-edda-44f0-8190-3636144fc9ce","downloaded","Quiz.bin"
"Annex P _ Conductive Objects","Video","https://notebooklm.google.com/notebook/e0358897-7f13-4134-b70f-85b17e3cf122?artifactId=5ee130f2-c26a-4bf0-be85-1f906bd15069","downloaded","Video.bin"
"Annex P _ Conductive Objects","Slide","https://notebooklm.google.com/notebook/e0358897-7f13-4134-b70f-85b17e3cf122?artifactId=34cd3d1b-82df-4573-86c6-e4d9d857d121","downloaded","Slide.bin"
"Annex P _ Conductive Objects","Voice Prezo","https://docs.google.com/videos/d/1vH-osVAo6BFbwgZc_rbt6Yv3ThMJhWkgJTDhIHt7tcE/edit?usp=sharing","downloaded","Voice Prezo.bin"
"Annex P _ Conductive Objects","Flashcards","https://notebooklm.google.com/notebook/e0358897-7f13-4134-b70f-85b17e3cf122?artifactId=d9ab5ad3-72ea-4fc0-9cab-75a4de6a0be2","downloaded","Flashcards.bin"
"Annex P _ Conductive Objects","Quiz","https://notebooklm.google.com/notebook/e0358897-7f13-4134-b70f-85b17e3cf122?artifactId=95094144-df62-4b63-a594-e22a10b1e109","downloaded","Quiz.bin"
"Annex Q _ Limited Power Source","Video","https://notebooklm.google.com/notebook/3e6fbb83-cdbe-486a-9460-74656d6d0a97?artifactId=92c52809-cc99-4a75-a9f0-6e56695ff9a3","downloaded","Video.bin"
"Annex Q _ Limited Power Source","Slide","https://notebooklm.google.com/notebook/3e6fbb83-cdbe-486a-9460-74656d6d0a97?artifactId=0a80c1ef-f474-43c3-af6d-2d9b7ad7d5dc","downloaded","Slide.bin"
"Annex Q _ Limited Power Source","Voice Prezo","https://docs.google.com/videos/d/16A_Om51yrS6YMmPjAXzZ9oO7tbUKb8SJdIyQhpqr1CA/edit?usp=sharing","downloaded","Voice Prezo.bin"
"Annex Q _ Limited Power Source","Flashcards","https://notebooklm.google.com/notebook/3e6fbb83-cdbe-486a-9460-74656d6d0a97?artifactId=54a97778-0c88-436b-933b-31a37263a416","downloaded","Flashcards.bin"
"Annex Q _ Limited Power Source","Quiz","https://notebooklm.google.com/notebook/3e6fbb83-cdbe-486a-9460-74656d6d0a97?artifactId=a1a55732-d3d4-4dbb-ad90-3198891cea01","downloaded","Quiz.bin"
"Annex R _ Limited Short Circuit","Video","https://notebooklm.google.com/notebook/bf849418-a83c-4251-86c8-05fb229dc233?artifactId=164926c0-c18e-416e-b6a4-fecc3ded4087","downloaded","Video.bin"
"Annex R _ Limited Short Circuit","Slide","https://notebooklm.google.com/notebook/bf849418-a83c-4251-86c8-05fb229dc233?artifactId=d2cf96fd-8baa-48b4-a947-3a243ca1e897","downloaded","Slide.bin"
"Annex R _ Limited Short Circuit","Voice Prezo","https://docs.google.com/videos/d/1Q80lJn5TxA7ssFLwwpxGEHkaIf10bLwtlq7eyioYBNI/edit?usp=sharing","downloaded","Voice Prezo.bin"
"Annex R _ Limited Short Circuit","Flashcards","https://notebooklm.google.com/notebook/bf849418-a83c-4251-86c8-05fb229dc233?artifactId=ea3416be-7678-4299-8938-b38b3f059812","downloaded","Flashcards.bin"
"Annex R _ Limited Short Circuit","Quiz","https://notebooklm.google.com/notebook/bf849418-a83c-4251-86c8-05fb229dc233?artifactId=1f2450cb-5483-4849-a424-e5d8166b98d9","downloaded","Quiz.bin"
"Annex S _ Resistance to Fire","Video","https://notebooklm.google.com/notebook/b81d1613-b580-4251-8dd4-46070a0fdb8b?artifactId=5a656504-d1e5-4ca1-a526-2fbdbab7f401","downloaded","Video.bin"
"Annex S _ Resistance to Fire","Slide","https://notebooklm.google.com/notebook/b81d1613-b580-4251-8dd4-46070a0fdb8b?artifactId=208e7d63-305c-4e57-9eb1-2361a3626a05","downloaded","Slide.bin"
"Annex S _ Resistance to Fire","Voice Prezo","https://docs.google.com/videos/d/1rUlIqBKDNECKg4a9KJrzC4rIp3CVgj7iw-Ari6qxSY4/edit?usp=sharing","downloaded","Voice Prezo.bin"
"Annex S _ Resistance to Fire","Flashcards","https://notebooklm.google.com/notebook/b81d1613-b580-4251-8dd4-46070a0fdb8b?artifactId=7b17ab34-b779-429f-9440-06ada06b7aec","downloaded","Flashcards.bin"
"Annex S _ Resistance to Fire","Quiz","https://notebooklm.google.com/notebook/b81d1613-b580-4251-8dd4-46070a0fdb8b?artifactId=11f2a572-2211-4b41-aa83-c5a104de868b","downloaded","Quiz.bin"
"Annex T _ Mechanical Tests","Video","https://notebooklm.google.com/notebook/2fb716ca-1aa4-428b-a695-d4dab0ee3510?artifactId=bb5fbec0-65a6-4ccf-9d49-40b061056505","downloaded","Video.bin"
"Annex T _ Mechanical Tests","Slide","https://notebooklm.google.com/notebook/2fb716ca-1aa4-428b-a695-d4dab0ee3510?artifactId=b546f5ed-dd07-49e6-a485-d9e9d786952b","downloaded","Slide.bin"
"Annex T _ Mechanical Tests","Voice Prezo","https://docs.google.com/videos/d/1jOWx8T62zl30IqlG4jtYEsdQVET6ehCjzHUH5CkACd4/edit?usp=sharing","downloaded","Voice Prezo.bin"
"Annex T _ Mechanical Tests","Flashcards","https://notebooklm.google.com/notebook/2fb716ca-1aa4-428b-a695-d4dab0ee3510?artifactId=f9413c3a-01c3-4719-98e3-b9fcea6bd46e","downloaded","Flashcards.bin"
"Annex T _ Mechanical Tests","Quiz","https://notebooklm.google.com/notebook/2fb716ca-1aa4-428b-a695-d4dab0ee3510?artifactId=ef2ca800-ec21-4d15-a250-c401f3fb30d9","downloaded","Quiz.bin"
"Annex V _ Accessible Parts","Video","https://notebooklm.google.com/notebook/b3330074-ae33-4ece-9901-a00f7026777a?artifactId=f8f32e1d-8ebc-41ed-ad7c-4a59f766f224","downloaded","Video.bin"
"Annex V _ Accessible Parts","Slide","https://notebooklm.google.com/notebook/b3330074-ae33-4ece-9901-a00f7026777a?artifactId=5593043e-f4d8-4bff-8b3d-cbb2fad5ece6","downloaded","Slide.bin"
"Annex V _ Accessible Parts","Voice Prezo","https://docs.google.com/videos/d/1J2sW58UBdWWCkKJE1FZKm6X8vZMJQfRvTKxY59qUTh0/edit?usp=sharing","downloaded","Voice Prezo.bin"
"Annex V _ Accessible Parts","Flashcards","https://notebooklm.google.com/notebook/b3330074-ae33-4ece-9901-a00f7026777a?artifactId=10eca7f9-1232-4d28-9a53-e1fd6dda65aa","downloaded","Flashcards.bin"
"Annex V _ Accessible Parts","Quiz","https://notebooklm.google.com/notebook/b3330074-ae33-4ece-9901-a00f7026777a?artifactId=03d54dba-086b-4be4-a91b-213be0d17d0e","downloaded","Quiz.bin"
"Annex Y.5 _ Equipment within an Outdoor Enclosure","Video","https://notebooklm.google.com/notebook/96f12307-f53d-4938-801e-8d7fcc0b8645?artifactId=474426fa-bf54-4f9a-8c04-067040c7a449","downloaded","Video.bin"
"Annex Y.5 _ Equipment within an Outdoor Enclosure","Slide","https://notebooklm.google.com/notebook/96f12307-f53d-4938-801e-8d7fcc0b8645?artifactId=0832a283-7496-428e-9775-8c80d0830a39","downloaded","Slide.bin"
"Annex Y.5 _ Equipment within an Outdoor Enclosure","Voice Prezo","https://docs.google.com/videos/d/1Cl7TzyuozUuYYQAU_-4-lQikhczH6pDlhePYHXNl65c/edit?usp=sharing","downloaded","Voice Prezo.bin"
"Annex Y.5 _ Equipment within an Outdoor Enclosure","Flashcards","https://notebooklm.google.com/notebook/96f12307-f53d-4938-801e-8d7fcc0b8645?artifactId=c729273b-d4f6-4ddc-a1d8-ceebfae0c179","downloaded","Flashcards.bin"
"Annex Y.5 _ Equipment within an Outdoor Enclosure","Quiz","https://notebooklm.google.com/notebook/96f12307-f53d-4938-801e-8d7fcc0b8645?artifactId=d01d2f2e-55f0-4fc9-abd4-6be38c4f871c","downloaded","Quiz.bin"
