Section,Item,Url,OpenableWithoutLogin,FinalUrl,HttpStatus,Note
Section 0 _ Principles,Video-Train,https://notebooklm.google.com/notebook/94371811-0267-4c76-a272-0b49d2e52a43?artifactId=05f15e8a-d940-47af-a432-d9f6d8093dce,no,https://accounts.google.com/v3/signin/identifier?continue=https%3A%2F%2Fnotebooklm.google.com%2Fnotebook%2F94371811-0267-4c76-a272-0b49d2e52a43%3FartifactId%3D05f15e8a-d940-47af-a432-d9f6d8093dce&dsh=S473792718%3A1772477154810894&followup=https%3A%2F%2Fnotebooklm.google.com%2Fnotebook%2F94371811-0267-4c76-a272-0b49d2e52a43%3FartifactId%3D05f15e8a-d940-47af-a432-d9f6d8093dce&ifkv=ASfE1-pokPvPikw3Db1QHWAWeP3_MSOuBGxeyoMeiNe8tB8Q6l1D2eihCHcv77I2lblyTimDPlZl9g&osid=1&passive=1209600&flowName=WebLiteSignIn&flowEntry=ServiceLogin,200,redirects_to_signin
Section 0 _ Principles,Slide,https://notebooklm.google.com/notebook/94371811-0267-4c76-a272-0b49d2e52a43?artifactId=51612d69-e517-4321-a16e-050f1caefd42,no,https://accounts.google.com/v3/signin/identifier?continue=https%3A%2F%2Fnotebooklm.google.com%2Fnotebook%2F94371811-0267-4c76-a272-0b49d2e52a43%3FartifactId%3D51612d69-e517-4321-a16e-050f1caefd42&dsh=S-81377639%3A1772477155582530&followup=https%3A%2F%2Fnotebooklm.google.com%2Fnotebook%2F94371811-0267-4c76-a272-0b49d2e52a43%3FartifactId%3D51612d69-e517-4321-a16e-050f1caefd42&ifkv=ASfE1-quH7bJlHxvurtO7wFzBdi8NH_ABHRcF1eabwOMmT2rUebECIh27sM0Ues3gD4BZiSRPx3Ffg&osid=1&passive=1209600&flowName=WebLiteSignIn&flowEntry=ServiceLogin,200,redirects_to_signin
Section 0 _ Principles,Voice Prezo,https://docs.google.com/videos/d/1N__1JUFVPrbRo9hRvpd3rbefcSgSbMQtnkoG6ZftEUU/edit?usp=sharing,yes,https://docs.google.com/videos/d/1N__1JUFVPrbRo9hRvpd3rbefcSgSbMQtnkoG6ZftEUU/edit?usp=sharing,200,reachable
Section 0 _ Principles,Flashcards,https://notebooklm.google.com/notebook/94371811-0267-4c76-a272-0b49d2e52a43?artifactId=83801487-af56-498c-bc2d-246aa78f1739,no,https://accounts.google.com/v3/signin/identifier?continue=https%3A%2F%2Fnotebooklm.google.com%2Fnotebook%2F94371811-0267-4c76-a272-0b49d2e52a43%3FartifactId%3D83801487-af56-498c-bc2d-246aa78f1739&dsh=S-1977972141%3A1772477156828127&followup=https%3A%2F%2Fnotebooklm.google.com%2Fnotebook%2F94371811-0267-4c76-a272-0b49d2e52a43%3FartifactId%3D83801487-af56-498c-bc2d-246aa78f1739&ifkv=ASfE1-pAUrcgnQNUxibkKkAnqHJNzYPChT6UmexmwVyk8s5lLswJUrknzjHs-JydbfPHACeUeXlGOg&osid=1&passive=1209600&flowName=WebLiteSignIn&flowEntry=ServiceLogin,200,redirects_to_signin
Section 0 _ Principles,Quiz,https://notebooklm.google.com/notebook/94371811-0267-4c76-a272-0b49d2e52a43?artifactId=a02d98b6-cf14-42f5-84f6-d6b4e7d3ad2a,no,https://accounts.google.com/v3/signin/identifier?continue=https%3A%2F%2Fnotebooklm.google.com%2Fnotebook%2F94371811-0267-4c76-a272-0b49d2e52a43%3FartifactId%3Da02d98b6-cf14-42f5-84f6-d6b4e7d3ad2a&dsh=S203960449%3A1772477157480070&followup=https%3A%2F%2Fnotebooklm.google.com%2Fnotebook%2F94371811-0267-4c76-a272-0b49d2e52a43%3FartifactId%3Da02d98b6-cf14-42f5-84f6-d6b4e7d3ad2a&ifkv=ASfE1-ohZMdFzuPiYwAMxuRE-Xu9uOitcilf2xexpMuFEiBkFPpj34WFCOsFPIcrUQXGeAlEJMjwjg&osid=1&passive=1209600&flowName=WebLiteSignIn&flowEntry=ServiceLogin,200,redirects_to_signin
Section 1 _ Scope and Definition,Video-Train,https://notebooklm.google.com/notebook/829b3633-b6a0-4c79-b203-1db386ff324f?artifactId=1e4ad755-9b20-49e6-83c1-fe92615a5449,no,https://accounts.google.com/v3/signin/identifier?continue=https%3A%2F%2Fnotebooklm.google.com%2Fnotebook%2F829b3633-b6a0-4c79-b203-1db386ff324f%3FartifactId%3D1e4ad755-9b20-49e6-83c1-fe92615a5449&dsh=S2116788209%3A1772477158185431&followup=https%3A%2F%2Fnotebooklm.google.com%2Fnotebook%2F829b3633-b6a0-4c79-b203-1db386ff324f%3FartifactId%3D1e4ad755-9b20-49e6-83c1-fe92615a5449&ifkv=ASfE1-pDNEaIT1VFIaM8BERIEshuSlM_vTGFWA4Enzjj9LmiegPdzsfaMjM2nBGEHBaaqrhbPbd6Tw&osid=1&passive=1209600&flowName=WebLiteSignIn&flowEntry=ServiceLogin,200,redirects_to_signin
Section 1 _ Scope and Definition,Slide,https://notebooklm.google.com/notebook/829b3633-b6a0-4c79-b203-1db386ff324f?artifactId=f8dcb1b6-3cdc-429f-850a-55371dcf3b98,no,https://accounts.google.com/v3/signin/identifier?continue=https%3A%2F%2Fnotebooklm.google.com%2Fnotebook%2F829b3633-b6a0-4c79-b203-1db386ff324f%3FartifactId%3Df8dcb1b6-3cdc-429f-850a-55371dcf3b98&dsh=S-81377639%3A1772477158806334&followup=https%3A%2F%2Fnotebooklm.google.com%2Fnotebook%2F829b3633-b6a0-4c79-b203-1db386ff324f%3FartifactId%3Df8dcb1b6-3cdc-429f-850a-55371dcf3b98&ifkv=ASfE1-oelhrw_EaYuIktEl_UrHq-4WCNF3FzK2gdUKkT6fagTAf1fmC3sm1jLp0skx8sOOqfh2LI_w&osid=1&passive=1209600&flowName=WebLiteSignIn&flowEntry=ServiceLogin,200,redirects_to_signin
Section 1 _ Scope and Definition,Voice Prezo,https://docs.google.com/videos/d/1wXZjbEPLAubuTVheuOrB768U76df_lTBqX4vKCWuNNg/edit?usp=sharing,yes,https://docs.google.com/videos/d/1wXZjbEPLAubuTVheuOrB768U76df_lTBqX4vKCWuNNg/edit?usp=sharing,200,reachable
Section 1 _ Scope and Definition,Flashcards,https://notebooklm.google.com/notebook/829b3633-b6a0-4c79-b203-1db386ff324f?artifactId=4fbce11f-bae1-45b1-b4c5-94a46103716c,no,https://accounts.google.com/v3/signin/identifier?continue=https%3A%2F%2Fnotebooklm.google.com%2Fnotebook%2F829b3633-b6a0-4c79-b203-1db386ff324f%3FartifactId%3D4fbce11f-bae1-45b1-b4c5-94a46103716c&dsh=S1494340276%3A1772477160098875&followup=https%3A%2F%2Fnotebooklm.google.com%2Fnotebook%2F829b3633-b6a0-4c79-b203-1db386ff324f%3FartifactId%3D4fbce11f-bae1-45b1-b4c5-94a46103716c&ifkv=ASfE1-oaMVezo4pV2QvC9kOAYRS4DvhaI0nJ_QlaQ4gyDAPzC8jn0J4j6IIRSnXaRty8FqRfcAOc&osid=1&passive=1209600&flowName=WebLiteSignIn&flowEntry=ServiceLogin,200,redirects_to_signin
Section 1 _ Scope and Definition,Quiz,https://notebooklm.google.com/notebook/829b3633-b6a0-4c79-b203-1db386ff324f?artifactId=ae152941-caf7-4371-a504-3355459530fb,no,https://accounts.google.com/v3/signin/identifier?continue=https%3A%2F%2Fnotebooklm.google.com%2Fnotebook%2F829b3633-b6a0-4c79-b203-1db386ff324f%3FartifactId%3Dae152941-caf7-4371-a504-3355459530fb&dsh=S203960449%3A1772477160818095&followup=https%3A%2F%2Fnotebooklm.google.com%2Fnotebook%2F829b3633-b6a0-4c79-b203-1db386ff324f%3FartifactId%3Dae152941-caf7-4371-a504-3355459530fb&ifkv=ASfE1-qf98jcVMalElxP0xclYWojK6mnroGtskPEc3Nf53GYy-6S8iV9TwFswrWCkx9LS3mR6f5OTA&osid=1&passive=1209600&flowName=WebLiteSignIn&flowEntry=ServiceLogin,200,redirects_to_signin
Section 4 _ General Requirements,Video,https://notebooklm.google.com/notebook/072f545c-cdb4-4ac7-b8e0-65f21346b889?artifactId=4e0b01a6-2679-4674-aa39-869f2c4394e5,no,https://accounts.google.com/v3/signin/identifier?continue=https%3A%2F%2Fnotebooklm.google.com%2Fnotebook%2F072f545c-cdb4-4ac7-b8e0-65f21346b889%3FartifactId%3D4e0b01a6-2679-4674-aa39-869f2c4394e5&dsh=S-49979225%3A1772477161533471&followup=https%3A%2F%2Fnotebooklm.google.com%2Fnotebook%2F072f545c-cdb4-4ac7-b8e0-65f21346b889%3FartifactId%3D4e0b01a6-2679-4674-aa39-869f2c4394e5&ifkv=ASfE1-oxDjl9pwNt1tgiyRkg3oAhXmoRopYdgyAKtgCgJQsBK_WEKuYEgYPG4jmYGzqC07Kf4foQ9A&osid=1&passive=1209600&flowName=WebLiteSignIn&flowEntry=ServiceLogin,200,redirects_to_signin
Section 4 _ General Requirements,Video (train),https://notebooklm.google.com/notebook/072f545c-cdb4-4ac7-b8e0-65f21346b889?artifactId=6dcea68d-8758-4d39-beae-9fcc75208072,no,https://accounts.google.com/v3/signin/identifier?continue=https%3A%2F%2Fnotebooklm.google.com%2Fnotebook%2F072f545c-cdb4-4ac7-b8e0-65f21346b889%3FartifactId%3D6dcea68d-8758-4d39-beae-9fcc75208072&dsh=S2116788209%3A1772477162356684&followup=https%3A%2F%2Fnotebooklm.google.com%2Fnotebook%2F072f545c-cdb4-4ac7-b8e0-65f21346b889%3FartifactId%3D6dcea68d-8758-4d39-beae-9fcc75208072&ifkv=ASfE1-ppspeoYaCNUbwfoDe3sAVO6KSNS4tqrPFxQoXFlQepwGRBKjN0rSqX44r6tE9gi8Rq1bvekQ&osid=1&passive=1209600&flowName=WebLiteSignIn&flowEntry=ServiceLogin,200,redirects_to_signin
Section 4 _ General Requirements,Slide,https://notebooklm.google.com/notebook/072f545c-cdb4-4ac7-b8e0-65f21346b889?artifactId=2a06a1c7-d1fd-409c-b873-6e6120da4d5a,no,https://accounts.google.com/v3/signin/identifier?continue=https%3A%2F%2Fnotebooklm.google.com%2Fnotebook%2F072f545c-cdb4-4ac7-b8e0-65f21346b889%3FartifactId%3D2a06a1c7-d1fd-409c-b873-6e6120da4d5a&dsh=S473792718%3A1772477163164773&followup=https%3A%2F%2Fnotebooklm.google.com%2Fnotebook%2F072f545c-cdb4-4ac7-b8e0-65f21346b889%3FartifactId%3D2a06a1c7-d1fd-409c-b873-6e6120da4d5a&ifkv=ASfE1-qqWYwhA-3EkeawoMwc9A-WL0oaoTaFMj0S4DuuN9dEb60YubKIlG6DVAVFzNNDVCwh3dl90Q&osid=1&passive=1209600&flowName=WebLiteSignIn&flowEntry=ServiceLogin,200,redirects_to_signin
Section 4 _ General Requirements,Voice Prezo,https://docs.google.com/videos/d/1Cg6xog5fdMOLqRVDaGYdyQ2hDl5gPctSS5HZEUjT_Eg/edit?usp=sharing,yes,https://docs.google.com/videos/d/1Cg6xog5fdMOLqRVDaGYdyQ2hDl5gPctSS5HZEUjT_Eg/edit?usp=sharing,200,reachable
Section 4 _ General Requirements,Flashcards,https://notebooklm.google.com/notebook/072f545c-cdb4-4ac7-b8e0-65f21346b889?artifactId=116fbd3e-61e0-4d3a-9286-f8d35fd12092,no,https://accounts.google.com/v3/signin/identifier?continue=https%3A%2F%2Fnotebooklm.google.com%2Fnotebook%2F072f545c-cdb4-4ac7-b8e0-65f21346b889%3FartifactId%3D116fbd3e-61e0-4d3a-9286-f8d35fd12092&dsh=S1342525487%3A1772477164494021&followup=https%3A%2F%2Fnotebooklm.google.com%2Fnotebook%2F072f545c-cdb4-4ac7-b8e0-65f21346b889%3FartifactId%3D116fbd3e-61e0-4d3a-9286-f8d35fd12092&ifkv=ASfE1-odl8EnOF0vxDu6JjJl--JEfDxGyz7vvrApryiQ3TQME8x8eGSjdG4r05zlOZ1PQvgbD7tgfQ&osid=1&passive=1209600&flowName=WebLiteSignIn&flowEntry=ServiceLogin,200,redirects_to_signin
Section 4 _ General Requirements,Quiz,https://notebooklm.google.com/notebook/072f545c-cdb4-4ac7-b8e0-65f21346b889?artifactId=e99535bd-972a-498c-831e-500e1e7c733c,no,https://accounts.google.com/v3/signin/identifier?continue=https%3A%2F%2Fnotebooklm.google.com%2Fnotebook%2F072f545c-cdb4-4ac7-b8e0-65f21346b889%3FartifactId%3De99535bd-972a-498c-831e-500e1e7c733c&dsh=S1342525487%3A1772477165326224&followup=https%3A%2F%2Fnotebooklm.google.com%2Fnotebook%2F072f545c-cdb4-4ac7-b8e0-65f21346b889%3FartifactId%3De99535bd-972a-498c-831e-500e1e7c733c&ifkv=ASfE1-oyI_0Q3wVVMGUffrhZzu2cAcEYK4pwTWXGm1CX-OFUrtOCdU3oi894W4go5afaEAdGgu9WpQ&osid=1&passive=1209600&flowName=WebLiteSignIn&flowEntry=ServiceLogin,200,redirects_to_signin
Section 5 _ Electrical Injury,Video,https://notebooklm.google.com/notebook/1b0cda5d-bd90-40a4-98b8-6efa82d84ae6?artifactId=d67df7ed-95ce-465c-94b9-0fcc6a23ecc2,no,https://accounts.google.com/v3/signin/identifier?continue=https%3A%2F%2Fnotebooklm.google.com%2Fnotebook%2F1b0cda5d-bd90-40a4-98b8-6efa82d84ae6%3FartifactId%3Dd67df7ed-95ce-465c-94b9-0fcc6a23ecc2&dsh=S219373948%3A1772477166333171&followup=https%3A%2F%2Fnotebooklm.google.com%2Fnotebook%2F1b0cda5d-bd90-40a4-98b8-6efa82d84ae6%3FartifactId%3Dd67df7ed-95ce-465c-94b9-0fcc6a23ecc2&ifkv=ASfE1-pZsocKaqSYCCt31fCFI6Md3T5NjWxajc4bzhSNz3pIbEBs-qwhywSYMIsCB6xDC0AZkg_JAw&osid=1&passive=1209600&flowName=WebLiteSignIn&flowEntry=ServiceLogin,200,redirects_to_signin
Section 5 _ Electrical Injury,Slide,https://notebooklm.google.com/notebook/1b0cda5d-bd90-40a4-98b8-6efa82d84ae6?artifactId=c9dc39d4-74c2-4e66-8f9d-03864c139f60,no,https://accounts.google.com/v3/signin/identifier?continue=https%3A%2F%2Fnotebooklm.google.com%2Fnotebook%2F1b0cda5d-bd90-40a4-98b8-6efa82d84ae6%3FartifactId%3Dc9dc39d4-74c2-4e66-8f9d-03864c139f60&dsh=S-49979225%3A1772477166992168&followup=https%3A%2F%2Fnotebooklm.google.com%2Fnotebook%2F1b0cda5d-bd90-40a4-98b8-6efa82d84ae6%3FartifactId%3Dc9dc39d4-74c2-4e66-8f9d-03864c139f60&ifkv=ASfE1-qZFARJCb-slDFfCJ6-9vzUB_uGmBzgn97ab1jECwB2QVDihZ_NWpDcsqh0xu7Yg0iiQvfA&osid=1&passive=1209600&flowName=WebLiteSignIn&flowEntry=ServiceLogin,200,redirects_to_signin
Section 5 _ Electrical Injury,Voice Prezo,https://docs.google.com/videos/d/1lpKRLakRFWpW4wPgQIadiaqL3UI3lLgL-DnSFChEqtk/edit?usp=sharing,yes,https://docs.google.com/videos/d/1lpKRLakRFWpW4wPgQIadiaqL3UI3lLgL-DnSFChEqtk/edit?usp=sharing,200,reachable
Section 5 _ Electrical Injury,Flashcards,https://notebooklm.google.com/notebook/1b0cda5d-bd90-40a4-98b8-6efa82d84ae6?artifactId=f9187365-4f6b-4f8c-b7be-aa4feb7500c5,no,https://accounts.google.com/v3/signin/identifier?continue=https%3A%2F%2Fnotebooklm.google.com%2Fnotebook%2F1b0cda5d-bd90-40a4-98b8-6efa82d84ae6%3FartifactId%3Df9187365-4f6b-4f8c-b7be-aa4feb7500c5&dsh=S1342525487%3A1772477168297034&followup=https%3A%2F%2Fnotebooklm.google.com%2Fnotebook%2F1b0cda5d-bd90-40a4-98b8-6efa82d84ae6%3FartifactId%3Df9187365-4f6b-4f8c-b7be-aa4feb7500c5&ifkv=ASfE1-puIxxiEavgSpe-P1z8yyP41ux6T_6nlnTe4I8HhlDLRnLTarhl-eieLbxfApvO8RyX0h0LDQ&osid=1&passive=1209600&flowName=WebLiteSignIn&flowEntry=ServiceLogin,200,redirects_to_signin
Section 5 _ Electrical Injury,Quiz,https://notebooklm.google.com/notebook/1b0cda5d-bd90-40a4-98b8-6efa82d84ae6?artifactId=9fa5a45d-949d-4133-bbe0-0a3d818a8303,no,https://accounts.google.com/v3/signin/identifier?continue=https%3A%2F%2Fnotebooklm.google.com%2Fnotebook%2F1b0cda5d-bd90-40a4-98b8-6efa82d84ae6%3FartifactId%3D9fa5a45d-949d-4133-bbe0-0a3d818a8303&dsh=S-81377639%3A1772477169226190&followup=https%3A%2F%2Fnotebooklm.google.com%2Fnotebook%2F1b0cda5d-bd90-40a4-98b8-6efa82d84ae6%3FartifactId%3D9fa5a45d-949d-4133-bbe0-0a3d818a8303&ifkv=ASfE1-oKrSScZdfVFAnBTcBipEt4YPb-XK8onOBZZQP_bcTomKoeBp-zfoksLEXe71laOt5yu8gS6Q&osid=1&passive=1209600&flowName=WebLiteSignIn&flowEntry=ServiceLogin,200,redirects_to_signin
Section 5.4 _ Insulation,Video,https://notebooklm.google.com/notebook/88b4fa6b-34e8-44fe-a0ce-58703c568a20?artifactId=f59c79f0-33c8-453d-b1b9-ba02a40b9b4d,no,https://accounts.google.com/v3/signin/identifier?continue=https%3A%2F%2Fnotebooklm.google.com%2Fnotebook%2F88b4fa6b-34e8-44fe-a0ce-58703c568a20%3FartifactId%3Df59c79f0-33c8-453d-b1b9-ba02a40b9b4d&dsh=S1494340276%3A1772477170030898&followup=https%3A%2F%2Fnotebooklm.google.com%2Fnotebook%2F88b4fa6b-34e8-44fe-a0ce-58703c568a20%3FartifactId%3Df59c79f0-33c8-453d-b1b9-ba02a40b9b4d&ifkv=ASfE1-qNWsYHL9VLapR_kxnVzVKQVrEV5JO-C-yorcuGGn9FPR9APKF9P0UBrXY10LN_XdFRsLG0&osid=1&passive=1209600&flowName=WebLiteSignIn&flowEntry=ServiceLogin,200,redirects_to_signin
Section 5.4 _ Insulation,Slide,https://notebooklm.google.com/notebook/88b4fa6b-34e8-44fe-a0ce-58703c568a20?artifactId=fb5e3581-4fda-44e4-b284-5fa341a6bd89,no,https://accounts.google.com/v3/signin/identifier?continue=https%3A%2F%2Fnotebooklm.google.com%2Fnotebook%2F88b4fa6b-34e8-44fe-a0ce-58703c568a20%3FartifactId%3Dfb5e3581-4fda-44e4-b284-5fa341a6bd89&dsh=S1342525487%3A1772477170668938&followup=https%3A%2F%2Fnotebooklm.google.com%2Fnotebook%2F88b4fa6b-34e8-44fe-a0ce-58703c568a20%3FartifactId%3Dfb5e3581-4fda-44e4-b284-5fa341a6bd89&ifkv=ASfE1-o1ECU8FX0vDXy7VYjGAf5Lhxe1XYolAwxce3vYyis65Am-bd4JtAEPCCJ_8wLmsLMH5-VjEA&osid=1&passive=1209600&flowName=WebLiteSignIn&flowEntry=ServiceLogin,200,redirects_to_signin
Section 5.4 _ Insulation,Voice Prezo,https://docs.google.com/videos/d/1S7L8qbOmK2W96IEz7L8ohkhPQ_9bNOu0eh1ol_8npUw/edit?usp=sharing,yes,https://docs.google.com/videos/d/1S7L8qbOmK2W96IEz7L8ohkhPQ_9bNOu0eh1ol_8npUw/edit?usp=sharing,200,reachable
Section 5.4 _ Insulation,Flashcards,https://notebooklm.google.com/notebook/88b4fa6b-34e8-44fe-a0ce-58703c568a20?artifactId=6fab9201-ff26-4790-b444-e62d6f58352b,no,https://accounts.google.com/v3/signin/identifier?continue=https%3A%2F%2Fnotebooklm.google.com%2Fnotebook%2F88b4fa6b-34e8-44fe-a0ce-58703c568a20%3FartifactId%3D6fab9201-ff26-4790-b444-e62d6f58352b&dsh=S1494340276%3A1772477172122766&followup=https%3A%2F%2Fnotebooklm.google.com%2Fnotebook%2F88b4fa6b-34e8-44fe-a0ce-58703c568a20%3FartifactId%3D6fab9201-ff26-4790-b444-e62d6f58352b&ifkv=ASfE1-rnUrOM3P5xZND0RewdiOskKSDjAm7Y_6DjPZutZpUi5PkhYu_18ls2iLX7xvtHWe4UHvkl&osid=1&passive=1209600&flowName=WebLiteSignIn&flowEntry=ServiceLogin,200,redirects_to_signin
Section 5.4 _ Insulation,Quiz,https://notebooklm.google.com/notebook/88b4fa6b-34e8-44fe-a0ce-58703c568a20?artifactId=cc8a924d-05ee-4a2d-91c3-d9775e423688,no,https://accounts.google.com/v3/signin/identifier?continue=https%3A%2F%2Fnotebooklm.google.com%2Fnotebook%2F88b4fa6b-34e8-44fe-a0ce-58703c568a20%3FartifactId%3Dcc8a924d-05ee-4a2d-91c3-d9775e423688&dsh=S-81377639%3A1772477172939032&followup=https%3A%2F%2Fnotebooklm.google.com%2Fnotebook%2F88b4fa6b-34e8-44fe-a0ce-58703c568a20%3FartifactId%3Dcc8a924d-05ee-4a2d-91c3-d9775e423688&ifkv=ASfE1-rbJZvDh_f7lRzmzMX9C9LVlaF5iuIMM_8ZlwX5z8WubZ-H8EfOQ13TIHTOtl_G1VHyfMr0&osid=1&passive=1209600&flowName=WebLiteSignIn&flowEntry=ServiceLogin,200,redirects_to_signin
Section 5.4.2  _ Clearances,Video,https://notebooklm.google.com/notebook/7a63f794-f35e-4e11-a13a-c3e9f9141c97?artifactId=526d26b2-016d-441c-b190-dd1edbd0a0fe,no,https://accounts.google.com/v3/signin/identifier?continue=https%3A%2F%2Fnotebooklm.google.com%2Fnotebook%2F7a63f794-f35e-4e11-a13a-c3e9f9141c97%3FartifactId%3D526d26b2-016d-441c-b190-dd1edbd0a0fe&dsh=S-1977722213%3A1772477173627375&followup=https%3A%2F%2Fnotebooklm.google.com%2Fnotebook%2F7a63f794-f35e-4e11-a13a-c3e9f9141c97%3FartifactId%3D526d26b2-016d-441c-b190-dd1edbd0a0fe&ifkv=ASfE1-qBLqlAbxkYAOU98acSQm8remJ3HVEE08J2aFG5bsyG0DcUy4chVHP1sCXp0ubB5s5FqlTWWg&osid=1&passive=1209600&flowName=WebLiteSignIn&flowEntry=ServiceLogin,200,redirects_to_signin
Section 5.4.2  _ Clearances,Slide,https://notebooklm.google.com/notebook/7a63f794-f35e-4e11-a13a-c3e9f9141c97?artifactId=534d1db2-5c32-4010-b9db-aed25fb8f33c,no,https://accounts.google.com/v3/signin/identifier?continue=https%3A%2F%2Fnotebooklm.google.com%2Fnotebook%2F7a63f794-f35e-4e11-a13a-c3e9f9141c97%3FartifactId%3D534d1db2-5c32-4010-b9db-aed25fb8f33c&dsh=S203960449%3A1772477174286295&followup=https%3A%2F%2Fnotebooklm.google.com%2Fnotebook%2F7a63f794-f35e-4e11-a13a-c3e9f9141c97%3FartifactId%3D534d1db2-5c32-4010-b9db-aed25fb8f33c&ifkv=ASfE1-oj9rnpajLQuEaqzhtHACdoVBEAJthdtj8yqrNH1QgtepbA3fUZuxOf2XFAPPmv9mW2ZKNiDA&osid=1&passive=1209600&flowName=WebLiteSignIn&flowEntry=ServiceLogin,200,redirects_to_signin
Section 5.4.2  _ Clearances,Voice Prezo,https://docs.google.com/videos/d/12Jw5JkfkS3VjRv9y-T3_aPFIYjHv5-ELTEjAmb1kbSk/edit?usp=sharing,yes,https://docs.google.com/videos/d/12Jw5JkfkS3VjRv9y-T3_aPFIYjHv5-ELTEjAmb1kbSk/edit?usp=sharing,200,reachable
Section 5.4.2  _ Clearances,Flashcards,https://notebooklm.google.com/notebook/7a63f794-f35e-4e11-a13a-c3e9f9141c97?artifactId=b93a85ae-28e3-4a24-b395-8e54b395a52e,no,https://accounts.google.com/v3/signin/identifier?continue=https%3A%2F%2Fnotebooklm.google.com%2Fnotebook%2F7a63f794-f35e-4e11-a13a-c3e9f9141c97%3FartifactId%3Db93a85ae-28e3-4a24-b395-8e54b395a52e&dsh=S203960449%3A1772477175765818&followup=https%3A%2F%2Fnotebooklm.google.com%2Fnotebook%2F7a63f794-f35e-4e11-a13a-c3e9f9141c97%3FartifactId%3Db93a85ae-28e3-4a24-b395-8e54b395a52e&ifkv=ASfE1-owAVAQo8Vtqwk7wTXAW-fW4LXhRLT2QeC29GC5Mqsqz3_ETY7l6sCOqhlvwRiaXQniKHBqow&osid=1&passive=1209600&flowName=WebLiteSignIn&flowEntry=ServiceLogin,200,redirects_to_signin
Section 5.4.2  _ Clearances,Quiz,https://notebooklm.google.com/notebook/7a63f794-f35e-4e11-a13a-c3e9f9141c97?artifactId=c35aacd1-d5db-42c7-a7b5-3c4f01c16382,no,https://accounts.google.com/v3/signin/identifier?continue=https%3A%2F%2Fnotebooklm.google.com%2Fnotebook%2F7a63f794-f35e-4e11-a13a-c3e9f9141c97%3FartifactId%3Dc35aacd1-d5db-42c7-a7b5-3c4f01c16382&dsh=S-81377639%3A1772477176379246&followup=https%3A%2F%2Fnotebooklm.google.com%2Fnotebook%2F7a63f794-f35e-4e11-a13a-c3e9f9141c97%3FartifactId%3Dc35aacd1-d5db-42c7-a7b5-3c4f01c16382&ifkv=ASfE1-ouv4MtL_OClComEY_X2-FI_D3DY-ipgGxD70AwBC90t3DOncRCAhP7vg09feMlqm5OFvXwww&osid=1&passive=1209600&flowName=WebLiteSignIn&flowEntry=ServiceLogin,200,redirects_to_signin
Section 5.4.3  _ Creepage,Video,https://notebooklm.google.com/notebook/a4242b61-7b85-41e2-9d05-0e120d2f8e8d?artifactId=20e80b62-6124-413f-b363-842bbd845d6d,no,https://accounts.google.com/v3/signin/identifier?continue=https%3A%2F%2Fnotebooklm.google.com%2Fnotebook%2Fa4242b61-7b85-41e2-9d05-0e120d2f8e8d%3FartifactId%3D20e80b62-6124-413f-b363-842bbd845d6d&dsh=S203960449%3A1772477177089243&followup=https%3A%2F%2Fnotebooklm.google.com%2Fnotebook%2Fa4242b61-7b85-41e2-9d05-0e120d2f8e8d%3FartifactId%3D20e80b62-6124-413f-b363-842bbd845d6d&ifkv=ASfE1-pIS901OihxJRXrsCG5BTgLAzxbaPwdxssNJR5LMx5TZfbf7KDz-_lLXr7cOToInxj1Mh31&osid=1&passive=1209600&flowName=WebLiteSignIn&flowEntry=ServiceLogin,200,redirects_to_signin
Section 5.4.3  _ Creepage,Slide,https://notebooklm.google.com/notebook/db6d8829-75ea-4fb2-9b62-b29a6ac3d6cd?artifactId=5707189e-5ce2-4ba6-a3f8-7c329f200b97,no,https://accounts.google.com/v3/signin/identifier?continue=https%3A%2F%2Fnotebooklm.google.com%2Fnotebook%2Fdb6d8829-75ea-4fb2-9b62-b29a6ac3d6cd%3FartifactId%3D5707189e-5ce2-4ba6-a3f8-7c329f200b97&dsh=S-81377639%3A1772477177745313&followup=https%3A%2F%2Fnotebooklm.google.com%2Fnotebook%2Fdb6d8829-75ea-4fb2-9b62-b29a6ac3d6cd%3FartifactId%3D5707189e-5ce2-4ba6-a3f8-7c329f200b97&ifkv=ASfE1-qkTFtrWSstsFMrRHxqEsWK1RgeYyGWpMZ-MaBjXvfcQNygFQGEu0DfiNClU0In9iM4vH5NOg&osid=1&passive=1209600&flowName=WebLiteSignIn&flowEntry=ServiceLogin,200,redirects_to_signin
Section 5.4.3  _ Creepage,Voice Prezo,https://docs.google.com/videos/d/1lSOjYYJ_GWpj-10qd0TXT0DmotrkJxAc70sK2uf41EA/edit?usp=sharing,yes,https://docs.google.com/videos/d/1lSOjYYJ_GWpj-10qd0TXT0DmotrkJxAc70sK2uf41EA/edit?usp=sharing,200,reachable
Section 5.4.3  _ Creepage,Flashcards,https://notebooklm.google.com/notebook/a4242b61-7b85-41e2-9d05-0e120d2f8e8d?artifactId=3494580d-ef11-4486-afa2-c84a9e75aabf,no,https://accounts.google.com/v3/signin/identifier?continue=https%3A%2F%2Fnotebooklm.google.com%2Fnotebook%2Fa4242b61-7b85-41e2-9d05-0e120d2f8e8d%3FartifactId%3D3494580d-ef11-4486-afa2-c84a9e75aabf&dsh=S1342525487%3A1772477178761112&followup=https%3A%2F%2Fnotebooklm.google.com%2Fnotebook%2Fa4242b61-7b85-41e2-9d05-0e120d2f8e8d%3FartifactId%3D3494580d-ef11-4486-afa2-c84a9e75aabf&ifkv=ASfE1-psMWp8WgHqSO-neW1SALJjU9bQb8gP8jouDNWLtO3VaeuTu5y1vSRVbvXYlPvRor80R5JxIg&osid=1&passive=1209600&flowName=WebLiteSignIn&flowEntry=ServiceLogin,200,redirects_to_signin
Section 5.4.3  _ Creepage,Quiz,https://notebooklm.google.com/notebook/a4242b61-7b85-41e2-9d05-0e120d2f8e8d?artifactId=cd4f7e90-f286-4c73-9965-298ffb6d283c,no,https://accounts.google.com/v3/signin/identifier?continue=https%3A%2F%2Fnotebooklm.google.com%2Fnotebook%2Fa4242b61-7b85-41e2-9d05-0e120d2f8e8d%3FartifactId%3Dcd4f7e90-f286-4c73-9965-298ffb6d283c&dsh=S1342525487%3A1772477179421999&followup=https%3A%2F%2Fnotebooklm.google.com%2Fnotebook%2Fa4242b61-7b85-41e2-9d05-0e120d2f8e8d%3FartifactId%3Dcd4f7e90-f286-4c73-9965-298ffb6d283c&ifkv=ASfE1-pLc89qtwC2lKbmlVjVj0_bHDphdwvGnkwcOXWF4mtV6SI5tm6sUwq3D1t9eRbmIIZVGh9lZQ&osid=1&passive=1209600&flowName=WebLiteSignIn&flowEntry=ServiceLogin,200,redirects_to_signin
Section 5.4.4 _ Solid Insulation,Video,https://notebooklm.google.com/notebook/9b431a62-e2af-4d56-ba2b-559323403d81?artifactId=4f80631b-b78a-443f-8faa-bfa683b1d7c0,no,https://accounts.google.com/v3/signin/identifier?continue=https%3A%2F%2Fnotebooklm.google.com%2Fnotebook%2F9b431a62-e2af-4d56-ba2b-559323403d81%3FartifactId%3D4f80631b-b78a-443f-8faa-bfa683b1d7c0&dsh=S-820439459%3A1772477180156398&followup=https%3A%2F%2Fnotebooklm.google.com%2Fnotebook%2F9b431a62-e2af-4d56-ba2b-559323403d81%3FartifactId%3D4f80631b-b78a-443f-8faa-bfa683b1d7c0&ifkv=ASfE1-qKykDUEYeCafmYi8nys1uvB-tJjXi968NHe2SMonoOzYOiqru3RbLRpHWtEi5zGpe4uWQQvA&osid=1&passive=1209600&flowName=WebLiteSignIn&flowEntry=ServiceLogin,200,redirects_to_signin
Section 5.4.4 _ Solid Insulation,Slide,https://notebooklm.google.com/notebook/9b431a62-e2af-4d56-ba2b-559323403d81?artifactId=f4726d75-90e7-44be-a8b5-53939dfb138a,no,https://accounts.google.com/v3/signin/identifier?continue=https%3A%2F%2Fnotebooklm.google.com%2Fnotebook%2F9b431a62-e2af-4d56-ba2b-559323403d81%3FartifactId%3Df4726d75-90e7-44be-a8b5-53939dfb138a&dsh=S219373948%3A1772477180780228&followup=https%3A%2F%2Fnotebooklm.google.com%2Fnotebook%2F9b431a62-e2af-4d56-ba2b-559323403d81%3FartifactId%3Df4726d75-90e7-44be-a8b5-53939dfb138a&ifkv=ASfE1-pJuVs2Bn_DPta5ypWVR7OvkS-ge-HTyBA2-l9k21RHnTEdsZh_3DMof-Gg6YLX3oWlggECcQ&osid=1&passive=1209600&flowName=WebLiteSignIn&flowEntry=ServiceLogin,200,redirects_to_signin
Section 5.4.4 _ Solid Insulation,Voice Prezo,https://docs.google.com/videos/d/13KZcnU16aQX9Lo460rqaVpcuGiHqxa_SEUuenhySqVg/edit?usp=sharing,yes,https://docs.google.com/videos/d/13KZcnU16aQX9Lo460rqaVpcuGiHqxa_SEUuenhySqVg/edit?usp=sharing,200,reachable
Section 5.4.4 _ Solid Insulation,Flashcards,https://notebooklm.google.com/notebook/9b431a62-e2af-4d56-ba2b-559323403d81?artifactId=2cd99f48-d196-456a-8d30-a840bdd62063,no,https://accounts.google.com/v3/signin/identifier?continue=https%3A%2F%2Fnotebooklm.google.com%2Fnotebook%2F9b431a62-e2af-4d56-ba2b-559323403d81%3FartifactId%3D2cd99f48-d196-456a-8d30-a840bdd62063&dsh=S2116788209%3A1772477181811545&followup=https%3A%2F%2Fnotebooklm.google.com%2Fnotebook%2F9b431a62-e2af-4d56-ba2b-559323403d81%3FartifactId%3D2cd99f48-d196-456a-8d30-a840bdd62063&ifkv=ASfE1-oYM80nFJLdmAS9a6nmJPS3yKV8lKxj-1v3YSwjlIawHpoqnTEOn2fXbr2ivKwCTNzgYtI_Ag&osid=1&passive=1209600&flowName=WebLiteSignIn&flowEntry=ServiceLogin,200,redirects_to_signin
Section 5.4.4 _ Solid Insulation,Quiz,https://notebooklm.google.com/notebook/9b431a62-e2af-4d56-ba2b-559323403d81?artifactId=a5d6ebf2-b0bf-4c7e-80f6-af03cf46ad17,no,https://accounts.google.com/v3/signin/identifier?continue=https%3A%2F%2Fnotebooklm.google.com%2Fnotebook%2F9b431a62-e2af-4d56-ba2b-559323403d81%3FartifactId%3Da5d6ebf2-b0bf-4c7e-80f6-af03cf46ad17&dsh=S-49979225%3A1772477182411192&followup=https%3A%2F%2Fnotebooklm.google.com%2Fnotebook%2F9b431a62-e2af-4d56-ba2b-559323403d81%3FartifactId%3Da5d6ebf2-b0bf-4c7e-80f6-af03cf46ad17&ifkv=ASfE1-qWA3Y6yaeBybNLN46xveOucHiGonKLySZUx0l06j0kz0uNiAEYcjyRoT5LDYxZGO06X6860w&osid=1&passive=1209600&flowName=WebLiteSignIn&flowEntry=ServiceLogin,200,redirects_to_signin
Section 5.4.9 _ Electric Strength,Video,https://notebooklm.google.com/notebook/db6d8829-75ea-4fb2-9b62-b29a6ac3d6cd?artifactId=93e1c0ac-8379-4232-91aa-9c4060ecaf24,no,https://accounts.google.com/v3/signin/identifier?continue=https%3A%2F%2Fnotebooklm.google.com%2Fnotebook%2Fdb6d8829-75ea-4fb2-9b62-b29a6ac3d6cd%3FartifactId%3D93e1c0ac-8379-4232-91aa-9c4060ecaf24&dsh=S203960449%3A1772477183138959&followup=https%3A%2F%2Fnotebooklm.google.com%2Fnotebook%2Fdb6d8829-75ea-4fb2-9b62-b29a6ac3d6cd%3FartifactId%3D93e1c0ac-8379-4232-91aa-9c4060ecaf24&ifkv=ASfE1-qCUe_z4gFzcO-DjRNAw3lFDo2jukjLDuaCMdKyd-t1J5jLEjorwcj9iNOZpKN7VS_GvIRwOA&osid=1&passive=1209600&flowName=WebLiteSignIn&flowEntry=ServiceLogin,200,redirects_to_signin
Section 5.4.9 _ Electric Strength,Slide,https://notebooklm.google.com/notebook/db6d8829-75ea-4fb2-9b62-b29a6ac3d6cd?artifactId=5707189e-5ce2-4ba6-a3f8-7c329f200b97,no,https://accounts.google.com/v3/signin/identifier?continue=https%3A%2F%2Fnotebooklm.google.com%2Fnotebook%2Fdb6d8829-75ea-4fb2-9b62-b29a6ac3d6cd%3FartifactId%3D5707189e-5ce2-4ba6-a3f8-7c329f200b97&dsh=S1494340276%3A1772477183894963&followup=https%3A%2F%2Fnotebooklm.google.com%2Fnotebook%2Fdb6d8829-75ea-4fb2-9b62-b29a6ac3d6cd%3FartifactId%3D5707189e-5ce2-4ba6-a3f8-7c329f200b97&ifkv=ASfE1-o1QCHq2L8St0pgweSdOlLs3n5Ob4GJCL27Db3KopgZaddiN-3F61cFNXaO3uThNNjfq5D7&osid=1&passive=1209600&flowName=WebLiteSignIn&flowEntry=ServiceLogin,200,redirects_to_signin
Section 5.4.9 _ Electric Strength,Voice Prezo,https://docs.google.com/videos/d/17-knaPjBDYG-xD9TJ8mn3jBhaHqrhILpaPCQa29hdZQ/edit?usp=sharing,yes,https://docs.google.com/videos/d/17-knaPjBDYG-xD9TJ8mn3jBhaHqrhILpaPCQa29hdZQ/edit?usp=sharing,200,reachable
Section 5.4.9 _ Electric Strength,Flashcards,https://notebooklm.google.com/notebook/db6d8829-75ea-4fb2-9b62-b29a6ac3d6cd?artifactId=a05ca7a0-3af3-4a4b-a517-1c328484a266,no,https://accounts.google.com/v3/signin/identifier?continue=https%3A%2F%2Fnotebooklm.google.com%2Fnotebook%2Fdb6d8829-75ea-4fb2-9b62-b29a6ac3d6cd%3FartifactId%3Da05ca7a0-3af3-4a4b-a517-1c328484a266&dsh=S1342525487%3A1772477185010617&followup=https%3A%2F%2Fnotebooklm.google.com%2Fnotebook%2Fdb6d8829-75ea-4fb2-9b62-b29a6ac3d6cd%3FartifactId%3Da05ca7a0-3af3-4a4b-a517-1c328484a266&ifkv=ASfE1-omU0haIb75yhrsBGwSUjaLhXl0w7ccUj7Rb_u1sOjYUzxfZfVybdfQW4djzcMfXBnuzmN_&osid=1&passive=1209600&flowName=WebLiteSignIn&flowEntry=ServiceLogin,200,redirects_to_signin
Section 5.4.9 _ Electric Strength,Quiz,https://notebooklm.google.com/notebook/db6d8829-75ea-4fb2-9b62-b29a6ac3d6cd?artifactId=4daaaca3-097e-4d06-903c-7b43b3e5d0f8,no,https://accounts.google.com/v3/signin/identifier?continue=https%3A%2F%2Fnotebooklm.google.com%2Fnotebook%2Fdb6d8829-75ea-4fb2-9b62-b29a6ac3d6cd%3FartifactId%3D4daaaca3-097e-4d06-903c-7b43b3e5d0f8&dsh=S1494340276%3A1772477185653939&followup=https%3A%2F%2Fnotebooklm.google.com%2Fnotebook%2Fdb6d8829-75ea-4fb2-9b62-b29a6ac3d6cd%3FartifactId%3D4daaaca3-097e-4d06-903c-7b43b3e5d0f8&ifkv=ASfE1-r4Q_NubkTGCNxMDCVbcISdhwZcagb7QRrDdi-saToUmIBkjhMxcgKXR0eQN7ZbVpcr8mSWhA&osid=1&passive=1209600&flowName=WebLiteSignIn&flowEntry=ServiceLogin,200,redirects_to_signin
Section 5.5 _ Components,Video,https://notebooklm.google.com/notebook/c878aa9f-b055-4db2-8a1d-4d2cd28d6fb2?artifactId=3bb6e6c5-059a-4fec-99c0-ce7219b7fa5c,no,https://accounts.google.com/v3/signin/identifier?continue=https%3A%2F%2Fnotebooklm.google.com%2Fnotebook%2Fc878aa9f-b055-4db2-8a1d-4d2cd28d6fb2%3FartifactId%3D3bb6e6c5-059a-4fec-99c0-ce7219b7fa5c&dsh=S-81377639%3A1772477186305190&followup=https%3A%2F%2Fnotebooklm.google.com%2Fnotebook%2Fc878aa9f-b055-4db2-8a1d-4d2cd28d6fb2%3FartifactId%3D3bb6e6c5-059a-4fec-99c0-ce7219b7fa5c&ifkv=ASfE1-o-6_VkGuZmynBXOdAFJmHTt0mzGj1ZwQqTYLUQMireU-FQNq78tg995BskO5wnj1VR7eIV1w&osid=1&passive=1209600&flowName=WebLiteSignIn&flowEntry=ServiceLogin,200,redirects_to_signin
Section 5.5 _ Components,Slide,https://notebooklm.google.com/notebook/c878aa9f-b055-4db2-8a1d-4d2cd28d6fb2?artifactId=671b0320-8ae3-41c7-b6ed-472c1c7defd2,no,https://accounts.google.com/v3/signin/identifier?continue=https%3A%2F%2Fnotebooklm.google.com%2Fnotebook%2Fc878aa9f-b055-4db2-8a1d-4d2cd28d6fb2%3FartifactId%3D671b0320-8ae3-41c7-b6ed-472c1c7defd2&dsh=S219373948%3A1772477186936137&followup=https%3A%2F%2Fnotebooklm.google.com%2Fnotebook%2Fc878aa9f-b055-4db2-8a1d-4d2cd28d6fb2%3FartifactId%3D671b0320-8ae3-41c7-b6ed-472c1c7defd2&ifkv=ASfE1-pBUaKyEyPy4e-e9PaWkibdzs3ePbzfJMf2hh_cd2bcTE2otegbz7gVBuDlC_CCnrvy9oPm&osid=1&passive=1209600&flowName=WebLiteSignIn&flowEntry=ServiceLogin,200,redirects_to_signin
Section 5.5 _ Components,Voice Prezo,https://docs.google.com/videos/d/1TugwcgK4odgVeeLtORSz-rwSsRaXN2Nfno4m_wHq_fM/edit?usp=sharing,yes,https://docs.google.com/videos/d/1TugwcgK4odgVeeLtORSz-rwSsRaXN2Nfno4m_wHq_fM/edit?usp=sharing,200,reachable
Section 5.5 _ Components,Flashcards,https://notebooklm.google.com/notebook/c878aa9f-b055-4db2-8a1d-4d2cd28d6fb2?artifactId=18277dda-f0a5-41ea-99e1-6bb8a241ed04,no,https://accounts.google.com/v3/signin/identifier?continue=https%3A%2F%2Fnotebooklm.google.com%2Fnotebook%2Fc878aa9f-b055-4db2-8a1d-4d2cd28d6fb2%3FartifactId%3D18277dda-f0a5-41ea-99e1-6bb8a241ed04&dsh=S-1977722213%3A1772477187967388&followup=https%3A%2F%2Fnotebooklm.google.com%2Fnotebook%2Fc878aa9f-b055-4db2-8a1d-4d2cd28d6fb2%3FartifactId%3D18277dda-f0a5-41ea-99e1-6bb8a241ed04&ifkv=ASfE1-qhwvPe8VKKuNSXrlTU3VSnhXhsBfO2O1GGl2hPuz3THPb6v-4AEJiKW18Y7H7abBHBTbL4&osid=1&passive=1209600&flowName=WebLiteSignIn&flowEntry=ServiceLogin,200,redirects_to_signin
Section 5.5 _ Components,Quiz,https://notebooklm.google.com/notebook/c878aa9f-b055-4db2-8a1d-4d2cd28d6fb2?artifactId=795647f6-cb30-452d-8b20-f0c98cfccc7c,no,https://accounts.google.com/v3/signin/identifier?continue=https%3A%2F%2Fnotebooklm.google.com%2Fnotebook%2Fc878aa9f-b055-4db2-8a1d-4d2cd28d6fb2%3FartifactId%3D795647f6-cb30-452d-8b20-f0c98cfccc7c&dsh=S-1977722213%3A1772477188951611&followup=https%3A%2F%2Fnotebooklm.google.com%2Fnotebook%2Fc878aa9f-b055-4db2-8a1d-4d2cd28d6fb2%3FartifactId%3D795647f6-cb30-452d-8b20-f0c98cfccc7c&ifkv=ASfE1-rsRMnW2mKr0SfixFES0CE_2EweusiLDtZLE1x4BkK3Fp53CEIoYpBGvnigLgYgqOpemYwF&osid=1&passive=1209600&flowName=WebLiteSignIn&flowEntry=ServiceLogin,200,redirects_to_signin
Section 5.6 _ Protective Conductor,Video,https://notebooklm.google.com/notebook/4a1a505a-f05f-456e-bb94-d9d9d0134592?artifactId=179a5971-f5fd-42a4-8149-83ab4356cfcc,no,https://accounts.google.com/v3/signin/identifier?continue=https%3A%2F%2Fnotebooklm.google.com%2Fnotebook%2F4a1a505a-f05f-456e-bb94-d9d9d0134592%3FartifactId%3D179a5971-f5fd-42a4-8149-83ab4356cfcc&dsh=S-1977972141%3A1772477189889450&followup=https%3A%2F%2Fnotebooklm.google.com%2Fnotebook%2F4a1a505a-f05f-456e-bb94-d9d9d0134592%3FartifactId%3D179a5971-f5fd-42a4-8149-83ab4356cfcc&ifkv=ASfE1-rRKIabDdHtSagZMFr1R-lf9_uFrV2vpZm8LZ4guYSgtB-J5Yl3TwilyeUS5KUomw1mcoSO&osid=1&passive=1209600&flowName=WebLiteSignIn&flowEntry=ServiceLogin,200,redirects_to_signin
Section 5.6 _ Protective Conductor,Slide,https://notebooklm.google.com/notebook/4a1a505a-f05f-456e-bb94-d9d9d0134592?artifactId=e3ca5b30-3944-4984-b82a-083a820efdfa,no,https://accounts.google.com/v3/signin/identifier?continue=https%3A%2F%2Fnotebooklm.google.com%2Fnotebook%2F4a1a505a-f05f-456e-bb94-d9d9d0134592%3FartifactId%3De3ca5b30-3944-4984-b82a-083a820efdfa&dsh=S1342525487%3A1772477190640691&followup=https%3A%2F%2Fnotebooklm.google.com%2Fnotebook%2F4a1a505a-f05f-456e-bb94-d9d9d0134592%3FartifactId%3De3ca5b30-3944-4984-b82a-083a820efdfa&ifkv=ASfE1-qo1tEXrgceuPoI8Bl9MKO1a0yumsKC8HKvg6M2q2P9FwIm44FhruhGFLhvhH-LiucJXsDK0w&osid=1&passive=1209600&flowName=WebLiteSignIn&flowEntry=ServiceLogin,200,redirects_to_signin
Section 5.6 _ Protective Conductor,Voice Prezo,https://docs.google.com/videos/d/18AH_4u93avEnWE4XVOUeoy_FNTC9Aa8fxrC3IJ8CB1M/edit?usp=sharing,yes,https://docs.google.com/videos/d/18AH_4u93avEnWE4XVOUeoy_FNTC9Aa8fxrC3IJ8CB1M/edit?usp=sharing,200,reachable
Section 5.6 _ Protective Conductor,Flashcards,https://notebooklm.google.com/notebook/4a1a505a-f05f-456e-bb94-d9d9d0134592?artifactId=80b89a83-b6d9-46c3-9bed-3a1f53d67ef6,no,https://accounts.google.com/v3/signin/identifier?continue=https%3A%2F%2Fnotebooklm.google.com%2Fnotebook%2F4a1a505a-f05f-456e-bb94-d9d9d0134592%3FartifactId%3D80b89a83-b6d9-46c3-9bed-3a1f53d67ef6&dsh=S473792718%3A1772477191947719&followup=https%3A%2F%2Fnotebooklm.google.com%2Fnotebook%2F4a1a505a-f05f-456e-bb94-d9d9d0134592%3FartifactId%3D80b89a83-b6d9-46c3-9bed-3a1f53d67ef6&ifkv=ASfE1-p-JGMwT2vv8AxIhhFsmcgv-7tO05RJ-OLmppkEtnvEPgvPO5s8dWUtR0-dtW4incgFxseT&osid=1&passive=1209600&flowName=WebLiteSignIn&flowEntry=ServiceLogin,200,redirects_to_signin
Section 5.6 _ Protective Conductor,Quiz,https://notebooklm.google.com/notebook/4a1a505a-f05f-456e-bb94-d9d9d0134592?artifactId=b23318b3-0004-47ac-85a2-fd587c21c822,no,https://accounts.google.com/v3/signin/identifier?continue=https%3A%2F%2Fnotebooklm.google.com%2Fnotebook%2F4a1a505a-f05f-456e-bb94-d9d9d0134592%3FartifactId%3Db23318b3-0004-47ac-85a2-fd587c21c822&dsh=S203960449%3A1772477192610952&followup=https%3A%2F%2Fnotebooklm.google.com%2Fnotebook%2F4a1a505a-f05f-456e-bb94-d9d9d0134592%3FartifactId%3Db23318b3-0004-47ac-85a2-fd587c21c822&ifkv=ASfE1-o5MGF8HQ6MrsnxAR_Ozen5oLmofAO9M7onnVtqtxjZze-pZfUUCnkFLHUoQ_sETeI-9-Unsw&osid=1&passive=1209600&flowName=WebLiteSignIn&flowEntry=ServiceLogin,200,redirects_to_signin
Section 5.7 _ Touch Current,Video,https://notebooklm.google.com/notebook/9aabb1f3-f6ce-4ea6-8fef-5c4bda12df5c?artifactId=555f6e89-cff4-451f-a267-588bc03e5758,no,https://accounts.google.com/v3/signin/identifier?continue=https%3A%2F%2Fnotebooklm.google.com%2Fnotebook%2F9aabb1f3-f6ce-4ea6-8fef-5c4bda12df5c%3FartifactId%3D555f6e89-cff4-451f-a267-588bc03e5758&dsh=S219373948%3A1772477193470464&followup=https%3A%2F%2Fnotebooklm.google.com%2Fnotebook%2F9aabb1f3-f6ce-4ea6-8fef-5c4bda12df5c%3FartifactId%3D555f6e89-cff4-451f-a267-588bc03e5758&ifkv=ASfE1-pwHMljX92Z4TNlnAqziXtQ2wwE03Yi9Iy3vbjJQL3oC4RS6Jy6smDd85Ex0GjBjykubFR_gA&osid=1&passive=1209600&flowName=WebLiteSignIn&flowEntry=ServiceLogin,200,redirects_to_signin
Section 5.7 _ Touch Current,Slide,https://notebooklm.google.com/notebook/9aabb1f3-f6ce-4ea6-8fef-5c4bda12df5c?artifactId=1993cff2-028b-492d-b955-20ccdb08ad29,no,https://accounts.google.com/v3/signin/identifier?continue=https%3A%2F%2Fnotebooklm.google.com%2Fnotebook%2F9aabb1f3-f6ce-4ea6-8fef-5c4bda12df5c%3FartifactId%3D1993cff2-028b-492d-b955-20ccdb08ad29&dsh=S2116788209%3A1772477194335361&followup=https%3A%2F%2Fnotebooklm.google.com%2Fnotebook%2F9aabb1f3-f6ce-4ea6-8fef-5c4bda12df5c%3FartifactId%3D1993cff2-028b-492d-b955-20ccdb08ad29&ifkv=ASfE1-rZ90Zt6gyA9AmNbZHbYTQhK9-ERfjtwaYhglkZ0LPVHqq-J0Sx-V08lfquFz61Fu2BVZvUgw&osid=1&passive=1209600&flowName=WebLiteSignIn&flowEntry=ServiceLogin,200,redirects_to_signin
Section 5.7 _ Touch Current,Voice Prezo,https://docs.google.com/videos/d/1WVHwg77heBcGBShZnPnqAmOK23O7fowtSrrFOSJIuJg/edit?usp=sharing,yes,https://docs.google.com/videos/d/1WVHwg77heBcGBShZnPnqAmOK23O7fowtSrrFOSJIuJg/edit?usp=sharing,200,reachable
Section 5.7 _ Touch Current,Flashcards,https://notebooklm.google.com/notebook/9aabb1f3-f6ce-4ea6-8fef-5c4bda12df5c?artifactId=fe1f8ffd-32b6-47a9-9c08-dfffaa8942f9,no,https://accounts.google.com/v3/signin/identifier?continue=https%3A%2F%2Fnotebooklm.google.com%2Fnotebook%2F9aabb1f3-f6ce-4ea6-8fef-5c4bda12df5c%3FartifactId%3Dfe1f8ffd-32b6-47a9-9c08-dfffaa8942f9&dsh=S203960449%3A1772477195575444&followup=https%3A%2F%2Fnotebooklm.google.com%2Fnotebook%2F9aabb1f3-f6ce-4ea6-8fef-5c4bda12df5c%3FartifactId%3Dfe1f8ffd-32b6-47a9-9c08-dfffaa8942f9&ifkv=ASfE1-qagADbLybAL5Wx74D3oZ_qrANSFcCJE8wMclMCOJ-IpPRgTfaF6XsShTCmIRekyTvj7bWtMg&osid=1&passive=1209600&flowName=WebLiteSignIn&flowEntry=ServiceLogin,200,redirects_to_signin
Section 5.7 _ Touch Current,Quiz,https://notebooklm.google.com/notebook/9aabb1f3-f6ce-4ea6-8fef-5c4bda12df5c?artifactId=36731aa9-bcd9-4df2-824d-486fba0a14b8,no,https://accounts.google.com/v3/signin/identifier?continue=https%3A%2F%2Fnotebooklm.google.com%2Fnotebook%2F9aabb1f3-f6ce-4ea6-8fef-5c4bda12df5c%3FartifactId%3D36731aa9-bcd9-4df2-824d-486fba0a14b8&dsh=S-1977722213%3A1772477196337674&followup=https%3A%2F%2Fnotebooklm.google.com%2Fnotebook%2F9aabb1f3-f6ce-4ea6-8fef-5c4bda12df5c%3FartifactId%3D36731aa9-bcd9-4df2-824d-486fba0a14b8&ifkv=ASfE1-oPbRn1pjy98AbC3CsWtwgJd6MCN4f_jjQ-O76P5hkCnERN7YqV-Rpuw9dfEuapWlyF0cUE3Q&osid=1&passive=1209600&flowName=WebLiteSignIn&flowEntry=ServiceLogin,200,redirects_to_signin
Section 6 _ Fire,Video,https://notebooklm.google.com/notebook/96587281-52f1-4fd2-98f7-a7e9e85808ae?artifactId=15e9d893-0c94-4bcb-93c1-9a7017a30f41,no,https://accounts.google.com/v3/signin/identifier?continue=https%3A%2F%2Fnotebooklm.google.com%2Fnotebook%2F96587281-52f1-4fd2-98f7-a7e9e85808ae%3FartifactId%3D15e9d893-0c94-4bcb-93c1-9a7017a30f41&dsh=S1342525487%3A1772477197053231&followup=https%3A%2F%2Fnotebooklm.google.com%2Fnotebook%2F96587281-52f1-4fd2-98f7-a7e9e85808ae%3FartifactId%3D15e9d893-0c94-4bcb-93c1-9a7017a30f41&ifkv=ASfE1-rlpTPdIyjv3OytdiB6QmRb17OkuBcG-BoIMXZO_DplcJKxVEFd20PKKOZmL7y0v8Xh6hhZ&osid=1&passive=1209600&flowName=WebLiteSignIn&flowEntry=ServiceLogin,200,redirects_to_signin
Section 6 _ Fire,Slide,https://notebooklm.google.com/notebook/96587281-52f1-4fd2-98f7-a7e9e85808ae?artifactId=ed2da6b7-34a0-4e74-af20-80413cd1beb1,no,https://accounts.google.com/v3/signin/identifier?continue=https%3A%2F%2Fnotebooklm.google.com%2Fnotebook%2F96587281-52f1-4fd2-98f7-a7e9e85808ae%3FartifactId%3Ded2da6b7-34a0-4e74-af20-80413cd1beb1&dsh=S219373948%3A1772477197893259&followup=https%3A%2F%2Fnotebooklm.google.com%2Fnotebook%2F96587281-52f1-4fd2-98f7-a7e9e85808ae%3FartifactId%3Ded2da6b7-34a0-4e74-af20-80413cd1beb1&ifkv=ASfE1-rmV_fCdlP0W2W5YKzsdIRMv12sGDa9g-rZFUseSXL2yoHH-YvSpdn_suVen9j72ccAVN3a&osid=1&passive=1209600&flowName=WebLiteSignIn&flowEntry=ServiceLogin,200,redirects_to_signin
Section 6 _ Fire,Voice Prezo,https://docs.google.com/videos/d/1MD-IdhT9Ttv_kIqmcZuVK7OBcsXDMa3BzAJo8LKO_wo/edit?usp=sharing,yes,https://docs.google.com/videos/d/1MD-IdhT9Ttv_kIqmcZuVK7OBcsXDMa3BzAJo8LKO_wo/edit?usp=sharing,200,reachable
Section 6 _ Fire,Flashcards,https://notebooklm.google.com/notebook/96587281-52f1-4fd2-98f7-a7e9e85808ae?artifactId=5f428425-e4eb-4a4b-abe8-fb08457a5e53,no,https://accounts.google.com/v3/signin/identifier?continue=https%3A%2F%2Fnotebooklm.google.com%2Fnotebook%2F96587281-52f1-4fd2-98f7-a7e9e85808ae%3FartifactId%3D5f428425-e4eb-4a4b-abe8-fb08457a5e53&dsh=S473792718%3A1772477199021192&followup=https%3A%2F%2Fnotebooklm.google.com%2Fnotebook%2F96587281-52f1-4fd2-98f7-a7e9e85808ae%3FartifactId%3D5f428425-e4eb-4a4b-abe8-fb08457a5e53&ifkv=ASfE1-o_ibjY5Bw4JKl50ZF6d90jBlW9e0AqgeBrXgwiaKJZqMUKYbSe_40BMFTCklMUztEYgQ82&osid=1&passive=1209600&flowName=WebLiteSignIn&flowEntry=ServiceLogin,200,redirects_to_signin
Section 6 _ Fire,Quiz,https://notebooklm.google.com/notebook/96587281-52f1-4fd2-98f7-a7e9e85808ae?artifactId=7e01bb1a-bdbc-46a5-9040-4e390bc66253,no,https://accounts.google.com/v3/signin/identifier?continue=https%3A%2F%2Fnotebooklm.google.com%2Fnotebook%2F96587281-52f1-4fd2-98f7-a7e9e85808ae%3FartifactId%3D7e01bb1a-bdbc-46a5-9040-4e390bc66253&dsh=S2116788209%3A1772477199722061&followup=https%3A%2F%2Fnotebooklm.google.com%2Fnotebook%2F96587281-52f1-4fd2-98f7-a7e9e85808ae%3FartifactId%3D7e01bb1a-bdbc-46a5-9040-4e390bc66253&ifkv=ASfE1-olVjknJoltShI6ps4kl18mCNGWsyKuHjiRrtvb3jKa6Wo-aXqtYvs3xgCF5VohZHKxmbfgmg&osid=1&passive=1209600&flowName=WebLiteSignIn&flowEntry=ServiceLogin,200,redirects_to_signin
Section 6.4.8 _ Fire Enclosure,Video,https://notebooklm.google.com/notebook/df319cb2-f3c1-4549-8c1d-50477094e864?artifactId=f25c3db5-a9c5-4e9d-b9ec-25a5723301c5,no,https://accounts.google.com/v3/signin/identifier?continue=https%3A%2F%2Fnotebooklm.google.com%2Fnotebook%2Fdf319cb2-f3c1-4549-8c1d-50477094e864%3FartifactId%3Df25c3db5-a9c5-4e9d-b9ec-25a5723301c5&dsh=S1342525487%3A1772477200334280&followup=https%3A%2F%2Fnotebooklm.google.com%2Fnotebook%2Fdf319cb2-f3c1-4549-8c1d-50477094e864%3FartifactId%3Df25c3db5-a9c5-4e9d-b9ec-25a5723301c5&ifkv=ASfE1-rR3zIUQ8C1kaVaXjSv3UsCd-xBI2uqslUEBbbk0HIPIuGjWlsMO5M5d32LOQN3JwTRAGFWeA&osid=1&passive=1209600&flowName=WebLiteSignIn&flowEntry=ServiceLogin,200,redirects_to_signin
Section 6.4.8 _ Fire Enclosure,Slide,https://notebooklm.google.com/notebook/df319cb2-f3c1-4549-8c1d-50477094e864?artifactId=07b04b15-d540-4d37-abf7-e11c70ed721a,no,https://accounts.google.com/v3/signin/identifier?continue=https%3A%2F%2Fnotebooklm.google.com%2Fnotebook%2Fdf319cb2-f3c1-4549-8c1d-50477094e864%3FartifactId%3D07b04b15-d540-4d37-abf7-e11c70ed721a&dsh=S-1977972141%3A1772477201100283&followup=https%3A%2F%2Fnotebooklm.google.com%2Fnotebook%2Fdf319cb2-f3c1-4549-8c1d-50477094e864%3FartifactId%3D07b04b15-d540-4d37-abf7-e11c70ed721a&ifkv=ASfE1-rbezakX0YxEgaEexZiZma9L4v6NBxAalCNdgRmg9pUsdUFE_ktEQ3zaUQZ_wYrzWHj6Ci_&osid=1&passive=1209600&flowName=WebLiteSignIn&flowEntry=ServiceLogin,200,redirects_to_signin
Section 6.4.8 _ Fire Enclosure,Voice Prezo,https://docs.google.com/videos/d/1RC2o4osKHFvCxix2ZeWiBdIJkjcXPPjnb6WVb94obe0/edit?usp=sharing,yes,https://docs.google.com/videos/d/1RC2o4osKHFvCxix2ZeWiBdIJkjcXPPjnb6WVb94obe0/edit?usp=sharing,200,reachable
Section 6.4.8 _ Fire Enclosure,Flashcards,https://notebooklm.google.com/notebook/df319cb2-f3c1-4549-8c1d-50477094e864?artifactId=b131ec43-9228-417b-9173-97c7e54aa5f2,no,https://accounts.google.com/v3/signin/identifier?continue=https%3A%2F%2Fnotebooklm.google.com%2Fnotebook%2Fdf319cb2-f3c1-4549-8c1d-50477094e864%3FartifactId%3Db131ec43-9228-417b-9173-97c7e54aa5f2&dsh=S-820439459%3A1772477202213086&followup=https%3A%2F%2Fnotebooklm.google.com%2Fnotebook%2Fdf319cb2-f3c1-4549-8c1d-50477094e864%3FartifactId%3Db131ec43-9228-417b-9173-97c7e54aa5f2&ifkv=ASfE1-rzRSJVoj0pBEFKWMaQrveHq4IsZB_JARZjnnCaBFWnzoneCZLOHKI1rKHKllcpuUEoUONh_g&osid=1&passive=1209600&flowName=WebLiteSignIn&flowEntry=ServiceLogin,200,redirects_to_signin
Section 6.4.8 _ Fire Enclosure,Quiz,https://notebooklm.google.com/notebook/df319cb2-f3c1-4549-8c1d-50477094e864?artifactId=91eb3949-0650-4415-878f-45982905e523,no,https://accounts.google.com/v3/signin/identifier?continue=https%3A%2F%2Fnotebooklm.google.com%2Fnotebook%2Fdf319cb2-f3c1-4549-8c1d-50477094e864%3FartifactId%3D91eb3949-0650-4415-878f-45982905e523&dsh=S1494340276%3A1772477203011707&followup=https%3A%2F%2Fnotebooklm.google.com%2Fnotebook%2Fdf319cb2-f3c1-4549-8c1d-50477094e864%3FartifactId%3D91eb3949-0650-4415-878f-45982905e523&ifkv=ASfE1-oHmAkJWmEr1jrUrK1wp5zu5qtvjRAsO9vyC55xl-qaPHgz_61zcksdKx2E04WxlaGr6DkI&osid=1&passive=1209600&flowName=WebLiteSignIn&flowEntry=ServiceLogin,200,redirects_to_signin
Section 6.5 _ Wiring,Video,https://notebooklm.google.com/notebook/0df01320-f3c9-432b-98dc-b7f6591d96f0?artifactId=433499ff-f165-4403-b02d-a4e48c428cfd,no,https://accounts.google.com/v3/signin/identifier?continue=https%3A%2F%2Fnotebooklm.google.com%2Fnotebook%2F0df01320-f3c9-432b-98dc-b7f6591d96f0%3FartifactId%3D433499ff-f165-4403-b02d-a4e48c428cfd&dsh=S-1977972141%3A1772477203679581&followup=https%3A%2F%2Fnotebooklm.google.com%2Fnotebook%2F0df01320-f3c9-432b-98dc-b7f6591d96f0%3FartifactId%3D433499ff-f165-4403-b02d-a4e48c428cfd&ifkv=ASfE1-oY7JqDZ3hfXdv2oIDH1C4vEO9xlyhXmigMLsWBwWdQzLIpOmgbFTTiwHFNAx74rZy9hRtEFA&osid=1&passive=1209600&flowName=WebLiteSignIn&flowEntry=ServiceLogin,200,redirects_to_signin
Section 6.5 _ Wiring,Slide,https://notebooklm.google.com/notebook/0df01320-f3c9-432b-98dc-b7f6591d96f0?artifactId=27240d82-b8a4-4026-8f39-3f816c72eb8a,no,https://accounts.google.com/v3/signin/identifier?continue=https%3A%2F%2Fnotebooklm.google.com%2Fnotebook%2F0df01320-f3c9-432b-98dc-b7f6591d96f0%3FartifactId%3D27240d82-b8a4-4026-8f39-3f816c72eb8a&dsh=S219373948%3A1772477204481131&followup=https%3A%2F%2Fnotebooklm.google.com%2Fnotebook%2F0df01320-f3c9-432b-98dc-b7f6591d96f0%3FartifactId%3D27240d82-b8a4-4026-8f39-3f816c72eb8a&ifkv=ASfE1-pnqheyp5tO7EaZecNul1i1appYL0Y5oXY8IfSPD62FNBGyxbFjRBlz3kl3R29Cg5nmLi93xQ&osid=1&passive=1209600&flowName=WebLiteSignIn&flowEntry=ServiceLogin,200,redirects_to_signin
Section 6.5 _ Wiring,Voice Prezo,https://docs.google.com/videos/d/1UV3wYJVn14s9lRB3x-G9fuwihBMhvSvLlB4Sug6dpLI/edit?usp=sharing,yes,https://docs.google.com/videos/d/1UV3wYJVn14s9lRB3x-G9fuwihBMhvSvLlB4Sug6dpLI/edit?usp=sharing,200,reachable
Section 6.5 _ Wiring,Flashcards,https://notebooklm.google.com/notebook/0df01320-f3c9-432b-98dc-b7f6591d96f0?artifactId=75ef9408-d965-4168-857d-e74f5373dd82,no,https://accounts.google.com/v3/signin/identifier?continue=https%3A%2F%2Fnotebooklm.google.com%2Fnotebook%2F0df01320-f3c9-432b-98dc-b7f6591d96f0%3FartifactId%3D75ef9408-d965-4168-857d-e74f5373dd82&dsh=S2116788209%3A1772477205725123&followup=https%3A%2F%2Fnotebooklm.google.com%2Fnotebook%2F0df01320-f3c9-432b-98dc-b7f6591d96f0%3FartifactId%3D75ef9408-d965-4168-857d-e74f5373dd82&ifkv=ASfE1-qKeKLd7m6EcJy1d1KRcvJ9WrxWk_42-iYec9ia1M4Viyn9i6JP6mY5cUQJZqgP-Gypo-5T5g&osid=1&passive=1209600&flowName=WebLiteSignIn&flowEntry=ServiceLogin,200,redirects_to_signin
Section 6.5 _ Wiring,Quiz,https://notebooklm.google.com/notebook/0df01320-f3c9-432b-98dc-b7f6591d96f0?artifactId=c7de2821-fb28-4729-9d22-5efc9f3ee2ce,no,https://accounts.google.com/v3/signin/identifier?continue=https%3A%2F%2Fnotebooklm.google.com%2Fnotebook%2F0df01320-f3c9-432b-98dc-b7f6591d96f0%3FartifactId%3Dc7de2821-fb28-4729-9d22-5efc9f3ee2ce&dsh=S1494340276%3A1772477206470493&followup=https%3A%2F%2Fnotebooklm.google.com%2Fnotebook%2F0df01320-f3c9-432b-98dc-b7f6591d96f0%3FartifactId%3Dc7de2821-fb28-4729-9d22-5efc9f3ee2ce&ifkv=ASfE1-p10sNj2UCQKtcmLM3ndv4ocWBYfKiY-63lGAa3pD20Dzz4Ss8d6DRkd0HUUkNI7jFk5uk7NQ&osid=1&passive=1209600&flowName=WebLiteSignIn&flowEntry=ServiceLogin,200,redirects_to_signin
Section 7 _ Hazardous Substances,Video,https://notebooklm.google.com/notebook/531c2f34-6ce3-48ef-a906-4efe40c7d1e2?artifactId=5d5d7abb-920b-4e56-ade6-3aa38148d521,no,https://accounts.google.com/v3/signin/identifier?continue=https%3A%2F%2Fnotebooklm.google.com%2Fnotebook%2F531c2f34-6ce3-48ef-a906-4efe40c7d1e2%3FartifactId%3D5d5d7abb-920b-4e56-ade6-3aa38148d521&dsh=S203960449%3A1772477207151016&followup=https%3A%2F%2Fnotebooklm.google.com%2Fnotebook%2F531c2f34-6ce3-48ef-a906-4efe40c7d1e2%3FartifactId%3D5d5d7abb-920b-4e56-ade6-3aa38148d521&ifkv=ASfE1-p-YrW1Vtb_II-4AQDBcNqmBVtSLttyLTvdKSvh9Wo4BknviVkXH6upy0QQsAcG3rRiRkUuFw&osid=1&passive=1209600&flowName=WebLiteSignIn&flowEntry=ServiceLogin,200,redirects_to_signin
Section 7 _ Hazardous Substances,Slide,https://notebooklm.google.com/notebook/531c2f34-6ce3-48ef-a906-4efe40c7d1e2?artifactId=cd7e143c-8f4d-49e6-acd8-6f50544b9a19,no,https://accounts.google.com/v3/signin/identifier?continue=https%3A%2F%2Fnotebooklm.google.com%2Fnotebook%2F531c2f34-6ce3-48ef-a906-4efe40c7d1e2%3FartifactId%3Dcd7e143c-8f4d-49e6-acd8-6f50544b9a19&dsh=S-1977722213%3A1772477207776920&followup=https%3A%2F%2Fnotebooklm.google.com%2Fnotebook%2F531c2f34-6ce3-48ef-a906-4efe40c7d1e2%3FartifactId%3Dcd7e143c-8f4d-49e6-acd8-6f50544b9a19&ifkv=ASfE1-o29DUam4siZ8VozSJXatoMs_KL5IYeVAUkOIs3RxK1COCEzuMOzqLBeTH3rl-sBQ21YvDw3w&osid=1&passive=1209600&flowName=WebLiteSignIn&flowEntry=ServiceLogin,200,redirects_to_signin
Section 7 _ Hazardous Substances,Voice Prezo,https://docs.google.com/videos/d/1iqjrqPiRtiFdt4V0p8cW0dkgHEV3q1ydWLi-jneOE7g/edit?usp=sharing,yes,https://docs.google.com/videos/d/1iqjrqPiRtiFdt4V0p8cW0dkgHEV3q1ydWLi-jneOE7g/edit?usp=sharing,200,reachable
Section 7 _ Hazardous Substances,Flashcards,https://notebooklm.google.com/notebook/531c2f34-6ce3-48ef-a906-4efe40c7d1e2?artifactId=a327cab7-fbb2-4f48-8e49-cba8a10b7f40,no,https://accounts.google.com/v3/signin/identifier?continue=https%3A%2F%2Fnotebooklm.google.com%2Fnotebook%2F531c2f34-6ce3-48ef-a906-4efe40c7d1e2%3FartifactId%3Da327cab7-fbb2-4f48-8e49-cba8a10b7f40&dsh=S-1977722213%3A1772477208816879&followup=https%3A%2F%2Fnotebooklm.google.com%2Fnotebook%2F531c2f34-6ce3-48ef-a906-4efe40c7d1e2%3FartifactId%3Da327cab7-fbb2-4f48-8e49-cba8a10b7f40&ifkv=ASfE1-rj18uU7_hAV6veaPW75eHMqFkrh5Pla2aW8EhjvStZH0mIkkOTL69fzI-0d6mqQIoZ-77Q1w&osid=1&passive=1209600&flowName=WebLiteSignIn&flowEntry=ServiceLogin,200,redirects_to_signin
Section 7 _ Hazardous Substances,Quiz,https://notebooklm.google.com/notebook/531c2f34-6ce3-48ef-a906-4efe40c7d1e2?artifactId=b226abdc-b6dc-4d64-a339-24c36fbd4040,no,https://accounts.google.com/v3/signin/identifier?continue=https%3A%2F%2Fnotebooklm.google.com%2Fnotebook%2F531c2f34-6ce3-48ef-a906-4efe40c7d1e2%3FartifactId%3Db226abdc-b6dc-4d64-a339-24c36fbd4040&dsh=S1494340276%3A1772477209468994&followup=https%3A%2F%2Fnotebooklm.google.com%2Fnotebook%2F531c2f34-6ce3-48ef-a906-4efe40c7d1e2%3FartifactId%3Db226abdc-b6dc-4d64-a339-24c36fbd4040&ifkv=ASfE1-qgd_G7pcFUDifjgR9vcQoRTFSTzfudB7gz_10K3yYCSaP6XOqtraYfZfqma2v7MEP6_6hRHw&osid=1&passive=1209600&flowName=WebLiteSignIn&flowEntry=ServiceLogin,200,redirects_to_signin
Section 8 _ Mechanical,Video,https://notebooklm.google.com/notebook/55c9530b-5134-494c-a3c3-237acd8fd8d5?artifactId=60fa6b18-95ae-4ce2-9e2c-be72b2f24770,no,https://accounts.google.com/v3/signin/identifier?continue=https%3A%2F%2Fnotebooklm.google.com%2Fnotebook%2F55c9530b-5134-494c-a3c3-237acd8fd8d5%3FartifactId%3D60fa6b18-95ae-4ce2-9e2c-be72b2f24770&dsh=S-1977722213%3A1772477210155142&followup=https%3A%2F%2Fnotebooklm.google.com%2Fnotebook%2F55c9530b-5134-494c-a3c3-237acd8fd8d5%3FartifactId%3D60fa6b18-95ae-4ce2-9e2c-be72b2f24770&ifkv=ASfE1-qTaySlRtugmsl7Ni_tN1dbBdX2C-nbHxGLRD0xc0Kec_qcodYTFlvK7e3U8YtwgyRKXBxa5g&osid=1&passive=1209600&flowName=WebLiteSignIn&flowEntry=ServiceLogin,200,redirects_to_signin
Section 8 _ Mechanical,Slide,https://notebooklm.google.com/notebook/55c9530b-5134-494c-a3c3-237acd8fd8d5?artifactId=1a4d317a-223d-43b1-828e-a5eb64bb05cd,no,https://accounts.google.com/v3/signin/identifier?continue=https%3A%2F%2Fnotebooklm.google.com%2Fnotebook%2F55c9530b-5134-494c-a3c3-237acd8fd8d5%3FartifactId%3D1a4d317a-223d-43b1-828e-a5eb64bb05cd&dsh=S-820439459%3A1772477210838090&followup=https%3A%2F%2Fnotebooklm.google.com%2Fnotebook%2F55c9530b-5134-494c-a3c3-237acd8fd8d5%3FartifactId%3D1a4d317a-223d-43b1-828e-a5eb64bb05cd&ifkv=ASfE1-o1uFkoYNMRqH8-N6ODUqV6vRBMrPT6xh6SSh4FBrhwbfKqJA04n6h5EwC5IOmC7vJq4hOpyw&osid=1&passive=1209600&flowName=WebLiteSignIn&flowEntry=ServiceLogin,200,redirects_to_signin
Section 8 _ Mechanical,Voice Prezo,https://docs.google.com/videos/d/1Xqud2tnqI2I-Wrq4jkN68bpFdnmpaDpI25GtNiUhySY/edit?usp=sharing,yes,https://docs.google.com/videos/d/1Xqud2tnqI2I-Wrq4jkN68bpFdnmpaDpI25GtNiUhySY/edit?usp=sharing,200,reachable
Section 8 _ Mechanical,Flashcards,https://notebooklm.google.com/notebook/55c9530b-5134-494c-a3c3-237acd8fd8d5,no,https://accounts.google.com/v3/signin/identifier?continue=https%3A%2F%2Fnotebooklm.google.com%2Fnotebook%2F55c9530b-5134-494c-a3c3-237acd8fd8d5&dsh=S-49979225%3A1772477212210698&followup=https%3A%2F%2Fnotebooklm.google.com%2Fnotebook%2F55c9530b-5134-494c-a3c3-237acd8fd8d5&ifkv=ASfE1-qZJ5zDbeQaesFhe-7dkU_JoOn15qwITDPpu7fq3wKW9CafFTFnimDCkIb3cjoratxyU7oYIw&osid=1&passive=1209600&flowName=WebLiteSignIn&flowEntry=ServiceLogin,200,redirects_to_signin
Section 8 _ Mechanical,Quiz,https://notebooklm.google.com/notebook/55c9530b-5134-494c-a3c3-237acd8fd8d5?artifactId=77b4f89b-3ed2-4dee-965b-1d646139b7a0,no,https://accounts.google.com/v3/signin/identifier?continue=https%3A%2F%2Fnotebooklm.google.com%2Fnotebook%2F55c9530b-5134-494c-a3c3-237acd8fd8d5%3FartifactId%3D77b4f89b-3ed2-4dee-965b-1d646139b7a0&dsh=S2116788209%3A1772477212904838&followup=https%3A%2F%2Fnotebooklm.google.com%2Fnotebook%2F55c9530b-5134-494c-a3c3-237acd8fd8d5%3FartifactId%3D77b4f89b-3ed2-4dee-965b-1d646139b7a0&ifkv=ASfE1-rarZ6WmlF7STaIYXqOsMCUM2N3LqtsVKNw8X4vzrkXLYt4iR1Z6Brf3gHboL3_phV5rREG2A&osid=1&passive=1209600&flowName=WebLiteSignIn&flowEntry=ServiceLogin,200,redirects_to_signin
Section 9 _ Thermal Burn,Video,https://notebooklm.google.com/notebook/5a193b57-0714-4de7-885d-0f6cd58843f4?artifactId=62a52134-10de-4261-afcf-797d4dd79e83,no,https://accounts.google.com/v3/signin/identifier?continue=https%3A%2F%2Fnotebooklm.google.com%2Fnotebook%2F5a193b57-0714-4de7-885d-0f6cd58843f4%3FartifactId%3D62a52134-10de-4261-afcf-797d4dd79e83&dsh=S-81377639%3A1772477214145430&followup=https%3A%2F%2Fnotebooklm.google.com%2Fnotebook%2F5a193b57-0714-4de7-885d-0f6cd58843f4%3FartifactId%3D62a52134-10de-4261-afcf-797d4dd79e83&ifkv=ASfE1-oeURutFZgHNWhsoGaSIpBBrLBx3YrywXsHuwdUyFkNsloGQSp03FgCQHiq5ebMLejVEC3oTQ&osid=1&passive=1209600&flowName=WebLiteSignIn&flowEntry=ServiceLogin,200,redirects_to_signin
Section 9 _ Thermal Burn,Slide,https://notebooklm.google.com/notebook/5a193b57-0714-4de7-885d-0f6cd58843f4?artifactId=005565fc-4566-4cce-a9b3-5bf8b199155d,no,https://accounts.google.com/v3/signin/identifier?continue=https%3A%2F%2Fnotebooklm.google.com%2Fnotebook%2F5a193b57-0714-4de7-885d-0f6cd58843f4%3FartifactId%3D005565fc-4566-4cce-a9b3-5bf8b199155d&dsh=S-81377639%3A1772477214840184&followup=https%3A%2F%2Fnotebooklm.google.com%2Fnotebook%2F5a193b57-0714-4de7-885d-0f6cd58843f4%3FartifactId%3D005565fc-4566-4cce-a9b3-5bf8b199155d&ifkv=ASfE1-qTjoMC78NJirfK9hfoj_0BDUZygFmIswe7J2NxdRpuSspd6kZEpTNaLcesqQ86ENczHwNhNA&osid=1&passive=1209600&flowName=WebLiteSignIn&flowEntry=ServiceLogin,200,redirects_to_signin
Section 9 _ Thermal Burn,Voice Prezo,https://docs.google.com/videos/d/13Os6HeewS0uQNzGgOoSmJKOqbnfUTRq4c6Z--uZ2CTQ/edit?usp=sharing,yes,https://docs.google.com/videos/d/13Os6HeewS0uQNzGgOoSmJKOqbnfUTRq4c6Z--uZ2CTQ/edit?usp=sharing,200,reachable
Section 9 _ Thermal Burn,Flashcards,https://notebooklm.google.com/notebook/5a193b57-0714-4de7-885d-0f6cd58843f4?artifactId=b86c811e-f801-48f7-987b-9e4bd33c25f9,no,https://accounts.google.com/v3/signin/identifier?continue=https%3A%2F%2Fnotebooklm.google.com%2Fnotebook%2F5a193b57-0714-4de7-885d-0f6cd58843f4%3FartifactId%3Db86c811e-f801-48f7-987b-9e4bd33c25f9&dsh=S2116788209%3A1772477215939743&followup=https%3A%2F%2Fnotebooklm.google.com%2Fnotebook%2F5a193b57-0714-4de7-885d-0f6cd58843f4%3FartifactId%3Db86c811e-f801-48f7-987b-9e4bd33c25f9&ifkv=ASfE1-q4_3ke3LYReNDQK1fdP4jA-1FkDY31v3MHC_ioEzHkTEkkPqU8Xnk-1r4r3onFuZQniTGp&osid=1&passive=1209600&flowName=WebLiteSignIn&flowEntry=ServiceLogin,200,redirects_to_signin
Section 9 _ Thermal Burn,Quiz,https://notebooklm.google.com/notebook/5a193b57-0714-4de7-885d-0f6cd58843f4?artifactId=6b5570a9-b9cf-497c-b4c8-ec7f3a92fa90,no,https://accounts.google.com/v3/signin/identifier?continue=https%3A%2F%2Fnotebooklm.google.com%2Fnotebook%2F5a193b57-0714-4de7-885d-0f6cd58843f4%3FartifactId%3D6b5570a9-b9cf-497c-b4c8-ec7f3a92fa90&dsh=S-49979225%3A1772477216627794&followup=https%3A%2F%2Fnotebooklm.google.com%2Fnotebook%2F5a193b57-0714-4de7-885d-0f6cd58843f4%3FartifactId%3D6b5570a9-b9cf-497c-b4c8-ec7f3a92fa90&ifkv=ASfE1-pt7Zz7LRCJTq2pxBmnabZ9u_pCXu6Z871le6_E_K_hs2a6THlR36n_hPZO3hIihA98Vf3YUg&osid=1&passive=1209600&flowName=WebLiteSignIn&flowEntry=ServiceLogin,200,redirects_to_signin
Section 10 _ Radiation and Acoustic,Video,https://notebooklm.google.com/notebook/99fd9a01-55e0-45e4-9579-104c11e18723?artifactId=b4bc255b-880a-4600-977f-19af979e29a7,no,https://accounts.google.com/v3/signin/identifier?continue=https%3A%2F%2Fnotebooklm.google.com%2Fnotebook%2F99fd9a01-55e0-45e4-9579-104c11e18723%3FartifactId%3Db4bc255b-880a-4600-977f-19af979e29a7&dsh=S-81377639%3A1772477217274446&followup=https%3A%2F%2Fnotebooklm.google.com%2Fnotebook%2F99fd9a01-55e0-45e4-9579-104c11e18723%3FartifactId%3Db4bc255b-880a-4600-977f-19af979e29a7&ifkv=ASfE1-pkbGi-fnUwhhZ2K6l5rT5ETRitXl4d9Ybq_09pdXmBleWVKNH33DlU5OQeIngRnFRr7otVBg&osid=1&passive=1209600&flowName=WebLiteSignIn&flowEntry=ServiceLogin,200,redirects_to_signin
Section 10 _ Radiation and Acoustic,Slide,https://notebooklm.google.com/notebook/99fd9a01-55e0-45e4-9579-104c11e18723?artifactId=b80cb7b9-c6b8-4d4b-9f03-ad5f6c0dec6b,no,https://accounts.google.com/v3/signin/identifier?continue=https%3A%2F%2Fnotebooklm.google.com%2Fnotebook%2F99fd9a01-55e0-45e4-9579-104c11e18723%3FartifactId%3Db80cb7b9-c6b8-4d4b-9f03-ad5f6c0dec6b&dsh=S1342525487%3A1772477217951718&followup=https%3A%2F%2Fnotebooklm.google.com%2Fnotebook%2F99fd9a01-55e0-45e4-9579-104c11e18723%3FartifactId%3Db80cb7b9-c6b8-4d4b-9f03-ad5f6c0dec6b&ifkv=ASfE1-rflKaS6v5Vv_ZJvMlqM2xu8MxqpB42Zdj4RAwiguhLz9xau2-tPiH6WSmb8ePJzHcfRxoa&osid=1&passive=1209600&flowName=WebLiteSignIn&flowEntry=ServiceLogin,200,redirects_to_signin
Section 10 _ Radiation and Acoustic,Voice Prezo,https://docs.google.com/videos/d/1uOKciuegUvg4HyfGm2WjF8uTGh8EYy6jAO3AWWLPK9I/edit?usp=sharing,yes,https://docs.google.com/videos/d/1uOKciuegUvg4HyfGm2WjF8uTGh8EYy6jAO3AWWLPK9I/edit?usp=sharing,200,reachable
Section 10 _ Radiation and Acoustic,Flashcards,https://notebooklm.google.com/notebook/99fd9a01-55e0-45e4-9579-104c11e18723?artifactId=75cc8232-d7a7-4cb9-980b-070d2a43657f,no,https://accounts.google.com/v3/signin/identifier?continue=https%3A%2F%2Fnotebooklm.google.com%2Fnotebook%2F99fd9a01-55e0-45e4-9579-104c11e18723%3FartifactId%3D75cc8232-d7a7-4cb9-980b-070d2a43657f&dsh=S1342525487%3A1772477219318581&followup=https%3A%2F%2Fnotebooklm.google.com%2Fnotebook%2F99fd9a01-55e0-45e4-9579-104c11e18723%3FartifactId%3D75cc8232-d7a7-4cb9-980b-070d2a43657f&ifkv=ASfE1-p-NPncbV5r_QDYuv94O3UhbWIE8xU2ckBn8lljqK-pF5CxSX24XaKptQexTm_bh4nsxhpSSQ&osid=1&passive=1209600&flowName=WebLiteSignIn&flowEntry=ServiceLogin,200,redirects_to_signin
Section 10 _ Radiation and Acoustic,Quiz,https://notebooklm.google.com/notebook/99fd9a01-55e0-45e4-9579-104c11e18723?artifactId=af14c0c4-f579-483c-8f23-fbc16c881f0e,no,https://accounts.google.com/v3/signin/identifier?continue=https%3A%2F%2Fnotebooklm.google.com%2Fnotebook%2F99fd9a01-55e0-45e4-9579-104c11e18723%3FartifactId%3Daf14c0c4-f579-483c-8f23-fbc16c881f0e&dsh=S-49979225%3A1772477220089334&followup=https%3A%2F%2Fnotebooklm.google.com%2Fnotebook%2F99fd9a01-55e0-45e4-9579-104c11e18723%3FartifactId%3Daf14c0c4-f579-483c-8f23-fbc16c881f0e&ifkv=ASfE1-rsLf1wzSGLSj-mQ4SGq27MfEnBidimqzi5AUruD8fVWayv0SJwspHQuQ5oqtUGgf43gRth&osid=1&passive=1209600&flowName=WebLiteSignIn&flowEntry=ServiceLogin,200,redirects_to_signin
Annex B _ Test Conditions,Video,https://notebooklm.google.com/notebook/d0e2485d-dc28-4af9-90dc-69af390f4225?artifactId=9c0c33f1-4fe4-49ff-91f4-1d995b71cdaa,no,https://accounts.google.com/v3/signin/identifier?continue=https%3A%2F%2Fnotebooklm.google.com%2Fnotebook%2Fd0e2485d-dc28-4af9-90dc-69af390f4225%3FartifactId%3D9c0c33f1-4fe4-49ff-91f4-1d995b71cdaa&dsh=S-1977972141%3A1772477220749294&followup=https%3A%2F%2Fnotebooklm.google.com%2Fnotebook%2Fd0e2485d-dc28-4af9-90dc-69af390f4225%3FartifactId%3D9c0c33f1-4fe4-49ff-91f4-1d995b71cdaa&ifkv=ASfE1-okhqGkY5sDkgnuvgakmOSlAbcEEQmMZlPdKBw8mP_VAiquybXy68sPhPzhlk45tUTuR7P1PA&osid=1&passive=1209600&flowName=WebLiteSignIn&flowEntry=ServiceLogin,200,redirects_to_signin
Annex B _ Test Conditions,Slide,https://notebooklm.google.com/notebook/d0e2485d-dc28-4af9-90dc-69af390f4225?artifactId=8ddec2c4-5289-4f5f-b6b5-c566086d9303,no,https://accounts.google.com/v3/signin/identifier?continue=https%3A%2F%2Fnotebooklm.google.com%2Fnotebook%2Fd0e2485d-dc28-4af9-90dc-69af390f4225%3FartifactId%3D8ddec2c4-5289-4f5f-b6b5-c566086d9303&dsh=S2116788209%3A1772477221630482&followup=https%3A%2F%2Fnotebooklm.google.com%2Fnotebook%2Fd0e2485d-dc28-4af9-90dc-69af390f4225%3FartifactId%3D8ddec2c4-5289-4f5f-b6b5-c566086d9303&ifkv=ASfE1-qpm-ZVmkCZvcSsE5-WAO003rhXcpWzOBMeRZJmKsSjpbd09hmR-Zf_Zy9dU6n2DNawjWugRg&osid=1&passive=1209600&flowName=WebLiteSignIn&flowEntry=ServiceLogin,200,redirects_to_signin
Annex B _ Test Conditions,Voice Prezo,https://docs.google.com/videos/d/1jETKYzr26HJbV3xrLkwD7v5G9nmrlmg3Hae9YUZucg4/edit?usp=sharing,yes,https://docs.google.com/videos/d/1jETKYzr26HJbV3xrLkwD7v5G9nmrlmg3Hae9YUZucg4/edit?usp=sharing,200,reachable
Annex B _ Test Conditions,Flashcards,https://notebooklm.google.com/notebook/d0e2485d-dc28-4af9-90dc-69af390f4225?artifactId=f69372f5-372d-4c08-b042-2e82254949bd,no,https://accounts.google.com/v3/signin/identifier?continue=https%3A%2F%2Fnotebooklm.google.com%2Fnotebook%2Fd0e2485d-dc28-4af9-90dc-69af390f4225%3FartifactId%3Df69372f5-372d-4c08-b042-2e82254949bd&dsh=S-49979225%3A1772477223085658&followup=https%3A%2F%2Fnotebooklm.google.com%2Fnotebook%2Fd0e2485d-dc28-4af9-90dc-69af390f4225%3FartifactId%3Df69372f5-372d-4c08-b042-2e82254949bd&ifkv=ASfE1-qsLnPsOKOcCUNWzTuObjZobB43FWdeUCTPi6BNMBqLrOqffvxDNdjCOh-OAAwHV9HV-umQ&osid=1&passive=1209600&flowName=WebLiteSignIn&flowEntry=ServiceLogin,200,redirects_to_signin
Annex B _ Test Conditions,Quiz,https://notebooklm.google.com/notebook/d0e2485d-dc28-4af9-90dc-69af390f4225?artifactId=1463627b-83c8-4dae-9a73-ef5930ed53bf,no,https://accounts.google.com/v3/signin/identifier?continue=https%3A%2F%2Fnotebooklm.google.com%2Fnotebook%2Fd0e2485d-dc28-4af9-90dc-69af390f4225%3FartifactId%3D1463627b-83c8-4dae-9a73-ef5930ed53bf&dsh=S2116788209%3A1772477223726539&followup=https%3A%2F%2Fnotebooklm.google.com%2Fnotebook%2Fd0e2485d-dc28-4af9-90dc-69af390f4225%3FartifactId%3D1463627b-83c8-4dae-9a73-ef5930ed53bf&ifkv=ASfE1-ryZzDWNvlP_TshcHWLM46gq4ezBl0gvRvIUJEfJMfguWBmGni1ifezt5z8i3V_x0qK1h9xfA&osid=1&passive=1209600&flowName=WebLiteSignIn&flowEntry=ServiceLogin,200,redirects_to_signin
Annex F _ Markings,Video,https://notebooklm.google.com/notebook/bfac9623-7a12-4050-9eb8-ce7312417cfa?artifactId=8f1c49a8-4a37-4bb2-8f79-69659880aabd,no,https://accounts.google.com/v3/signin/identifier?continue=https%3A%2F%2Fnotebooklm.google.com%2Fnotebook%2Fbfac9623-7a12-4050-9eb8-ce7312417cfa%3FartifactId%3D8f1c49a8-4a37-4bb2-8f79-69659880aabd&dsh=S-1977722213%3A1772477224418535&followup=https%3A%2F%2Fnotebooklm.google.com%2Fnotebook%2Fbfac9623-7a12-4050-9eb8-ce7312417cfa%3FartifactId%3D8f1c49a8-4a37-4bb2-8f79-69659880aabd&ifkv=ASfE1-r-PUL6c6QaditJpUue4vLzO2fBaCE7WPNNYUfJFy75PpnavUCytBrfYVjLG66iH5RQMK5NBg&osid=1&passive=1209600&flowName=WebLiteSignIn&flowEntry=ServiceLogin,200,redirects_to_signin
Annex F _ Markings,Slide,https://notebooklm.google.com/notebook/bfac9623-7a12-4050-9eb8-ce7312417cfa?artifactId=97c43ee3-58c0-43e6-a0bf-5cc1ddce59ae,no,https://accounts.google.com/v3/signin/identifier?continue=https%3A%2F%2Fnotebooklm.google.com%2Fnotebook%2Fbfac9623-7a12-4050-9eb8-ce7312417cfa%3FartifactId%3D97c43ee3-58c0-43e6-a0bf-5cc1ddce59ae&dsh=S219373948%3A1772477225042792&followup=https%3A%2F%2Fnotebooklm.google.com%2Fnotebook%2Fbfac9623-7a12-4050-9eb8-ce7312417cfa%3FartifactId%3D97c43ee3-58c0-43e6-a0bf-5cc1ddce59ae&ifkv=ASfE1-pqMwR_96mKFfIcMwn1Ckom2d6SwsV8LnhMyOqVbZfZR7gbkGIaBtSwU5ViXnSz4CighLk9&osid=1&passive=1209600&flowName=WebLiteSignIn&flowEntry=ServiceLogin,200,redirects_to_signin
Annex F _ Markings,Voice Prezo,https://docs.google.com/videos/d/1IyIGDiVVjiw1FMzVELLQRj-gWXdN7npoZY2IavVR2iI/edit?usp=sharing,yes,https://docs.google.com/videos/d/1IyIGDiVVjiw1FMzVELLQRj-gWXdN7npoZY2IavVR2iI/edit?usp=sharing,200,reachable
Annex F _ Markings,Flashcards,https://notebooklm.google.com/notebook/bfac9623-7a12-4050-9eb8-ce7312417cfa?artifactId=2a51e018-d93a-4894-88ff-6570bf270853,no,https://accounts.google.com/v3/signin/identifier?continue=https%3A%2F%2Fnotebooklm.google.com%2Fnotebook%2Fbfac9623-7a12-4050-9eb8-ce7312417cfa%3FartifactId%3D2a51e018-d93a-4894-88ff-6570bf270853&dsh=S2116788209%3A1772477226275618&followup=https%3A%2F%2Fnotebooklm.google.com%2Fnotebook%2Fbfac9623-7a12-4050-9eb8-ce7312417cfa%3FartifactId%3D2a51e018-d93a-4894-88ff-6570bf270853&ifkv=ASfE1-rPJ9I6Rk0tYz1NTyhptgoFUIq-KNut6U7ZtAf2NfpW-j9GsVvrMmoGKyoq4OShOINWfkzw9w&osid=1&passive=1209600&flowName=WebLiteSignIn&flowEntry=ServiceLogin,200,redirects_to_signin
Annex F _ Markings,Quiz,https://notebooklm.google.com/notebook/bfac9623-7a12-4050-9eb8-ce7312417cfa?artifactId=e032f547-cc59-4232-a072-5400ff2e8582,no,https://accounts.google.com/v3/signin/identifier?continue=https%3A%2F%2Fnotebooklm.google.com%2Fnotebook%2Fbfac9623-7a12-4050-9eb8-ce7312417cfa%3FartifactId%3De032f547-cc59-4232-a072-5400ff2e8582&dsh=S1342525487%3A1772477226935840&followup=https%3A%2F%2Fnotebooklm.google.com%2Fnotebook%2Fbfac9623-7a12-4050-9eb8-ce7312417cfa%3FartifactId%3De032f547-cc59-4232-a072-5400ff2e8582&ifkv=ASfE1-qXAph011NEULpcvAwNtu5EP_T0tHz5_Vzjm_WHdvZiP5eXhwgX0EkP3cYF0AKwiVMd7ZWW&osid=1&passive=1209600&flowName=WebLiteSignIn&flowEntry=ServiceLogin,200,redirects_to_signin
Annex M _ Batteries,Video,https://notebooklm.google.com/notebook/268cd340-11b0-45c6-8b3b-76df79dccc46?artifactId=94eb3b94-38cb-47e2-8106-c04c26b7e363,no,https://accounts.google.com/v3/signin/identifier?continue=https%3A%2F%2Fnotebooklm.google.com%2Fnotebook%2F268cd340-11b0-45c6-8b3b-76df79dccc46%3FartifactId%3D94eb3b94-38cb-47e2-8106-c04c26b7e363&dsh=S2116788209%3A1772477227805642&followup=https%3A%2F%2Fnotebooklm.google.com%2Fnotebook%2F268cd340-11b0-45c6-8b3b-76df79dccc46%3FartifactId%3D94eb3b94-38cb-47e2-8106-c04c26b7e363&ifkv=ASfE1-ra82fz7gmkt03qOF4WTGUbjf-Mg6yMj8RWcHTYdTcooHc5yGG8fNyGnAtXXs_Zi5hE09N6GQ&osid=1&passive=1209600&flowName=WebLiteSignIn&flowEntry=ServiceLogin,200,redirects_to_signin
Annex M _ Batteries,Slide,https://notebooklm.google.com/notebook/268cd340-11b0-45c6-8b3b-76df79dccc46?artifactId=221ddb98-18a4-4a5d-975a-6b72c3eb2721,no,https://accounts.google.com/v3/signin/identifier?continue=https%3A%2F%2Fnotebooklm.google.com%2Fnotebook%2F268cd340-11b0-45c6-8b3b-76df79dccc46%3FartifactId%3D221ddb98-18a4-4a5d-975a-6b72c3eb2721&dsh=S-1977972141%3A1772477228469392&followup=https%3A%2F%2Fnotebooklm.google.com%2Fnotebook%2F268cd340-11b0-45c6-8b3b-76df79dccc46%3FartifactId%3D221ddb98-18a4-4a5d-975a-6b72c3eb2721&ifkv=ASfE1-rwV7w4xGPI-Ev5EHYNV_dWnJz9nj0RfVWE3TALQgQbzbZvWXVnNK3Q9VQdXt4j50QotqNpDQ&osid=1&passive=1209600&flowName=WebLiteSignIn&flowEntry=ServiceLogin,200,redirects_to_signin
Annex M _ Batteries,Voice Prezo,https://docs.google.com/videos/d/1Q1-GkELImbO232v74RR5wtcfJYf4cfYObXETJ_JmhUI/edit?usp=sharing,yes,https://docs.google.com/videos/d/1Q1-GkELImbO232v74RR5wtcfJYf4cfYObXETJ_JmhUI/edit?usp=sharing,200,reachable
Annex M _ Batteries,Flashcards,https://notebooklm.google.com/notebook/268cd340-11b0-45c6-8b3b-76df79dccc46?artifactId=787d3e88-8c02-4a95-a615-3da2f0356bfa,no,https://accounts.google.com/v3/signin/identifier?continue=https%3A%2F%2Fnotebooklm.google.com%2Fnotebook%2F268cd340-11b0-45c6-8b3b-76df79dccc46%3FartifactId%3D787d3e88-8c02-4a95-a615-3da2f0356bfa&dsh=S473792718%3A1772477230267285&followup=https%3A%2F%2Fnotebooklm.google.com%2Fnotebook%2F268cd340-11b0-45c6-8b3b-76df79dccc46%3FartifactId%3D787d3e88-8c02-4a95-a615-3da2f0356bfa&ifkv=ASfE1-qbiGJIMzpkwdj-ZMESSW_7EvxVvZj5S-4S5unBRPRuTrowOUKAH_FRUW3Y1i5xq98sUVuGQw&osid=1&passive=1209600&flowName=WebLiteSignIn&flowEntry=ServiceLogin,200,redirects_to_signin
Annex M _ Batteries,Quiz,https://notebooklm.google.com/notebook/268cd340-11b0-45c6-8b3b-76df79dccc46?artifactId=c464e6e6-9b94-4d54-b5bb-d9a34f351458,no,https://accounts.google.com/v3/signin/identifier?continue=https%3A%2F%2Fnotebooklm.google.com%2Fnotebook%2F268cd340-11b0-45c6-8b3b-76df79dccc46%3FartifactId%3Dc464e6e6-9b94-4d54-b5bb-d9a34f351458&dsh=S1342525487%3A1772477230955180&followup=https%3A%2F%2Fnotebooklm.google.com%2Fnotebook%2F268cd340-11b0-45c6-8b3b-76df79dccc46%3FartifactId%3Dc464e6e6-9b94-4d54-b5bb-d9a34f351458&ifkv=ASfE1-pHusGlFb6KEqQm9LcYX5Q09imdvYByjDjHol7uH47xWVFRVC7970tqplsqH2CfwCnRDn5E&osid=1&passive=1209600&flowName=WebLiteSignIn&flowEntry=ServiceLogin,200,redirects_to_signin
Annex O _ Spacing Measurement,Video,https://notebooklm.google.com/notebook/97bfaa5c-e688-42cf-88ef-084468cfb10f?artifactId=d11fc9e3-8ccf-4233-bad8-8ed2d2a00089,no,https://accounts.google.com/v3/signin/identifier?continue=https%3A%2F%2Fnotebooklm.google.com%2Fnotebook%2F97bfaa5c-e688-42cf-88ef-084468cfb10f%3FartifactId%3Dd11fc9e3-8ccf-4233-bad8-8ed2d2a00089&dsh=S2116788209%3A1772477231685978&followup=https%3A%2F%2Fnotebooklm.google.com%2Fnotebook%2F97bfaa5c-e688-42cf-88ef-084468cfb10f%3FartifactId%3Dd11fc9e3-8ccf-4233-bad8-8ed2d2a00089&ifkv=ASfE1-rzId-gJcN8TCgHhGG-qnmp6ug25CFJqEtX8kvPG-n2b8BdzskqDZdHIo_FNXRmfWZAeS-TRg&osid=1&passive=1209600&flowName=WebLiteSignIn&flowEntry=ServiceLogin,200,redirects_to_signin
Annex O _ Spacing Measurement,Slide,https://notebooklm.google.com/notebook/97bfaa5c-e688-42cf-88ef-084468cfb10f?artifactId=fc5c2600-de65-4b41-a62c-eeb3e5bd32c2,no,https://accounts.google.com/v3/signin/identifier?continue=https%3A%2F%2Fnotebooklm.google.com%2Fnotebook%2F97bfaa5c-e688-42cf-88ef-084468cfb10f%3FartifactId%3Dfc5c2600-de65-4b41-a62c-eeb3e5bd32c2&dsh=S-1977972141%3A1772477232338401&followup=https%3A%2F%2Fnotebooklm.google.com%2Fnotebook%2F97bfaa5c-e688-42cf-88ef-084468cfb10f%3FartifactId%3Dfc5c2600-de65-4b41-a62c-eeb3e5bd32c2&ifkv=ASfE1-re__Kd77S55IXOiKbsCwKql7Po6IvByLEp31APE8WYhRZ-scIAdZXVEit6TD848OGnQFfYAg&osid=1&passive=1209600&flowName=WebLiteSignIn&flowEntry=ServiceLogin,200,redirects_to_signin
Annex O _ Spacing Measurement,Voice Prezo,https://docs.google.com/videos/d/1brMn6RxyUWTs3zJfGZB8PSV3rgaJwZGpIQ1lnMsuMGw/edit?usp=sharing,yes,https://docs.google.com/videos/d/1brMn6RxyUWTs3zJfGZB8PSV3rgaJwZGpIQ1lnMsuMGw/edit?usp=sharing,200,reachable
Annex O _ Spacing Measurement,Flashcards,https://notebooklm.google.com/notebook/97bfaa5c-e688-42cf-88ef-084468cfb10f?artifactId=0420d139-ec34-4219-a74e-a752bb516666,no,https://accounts.google.com/v3/signin/identifier?continue=https%3A%2F%2Fnotebooklm.google.com%2Fnotebook%2F97bfaa5c-e688-42cf-88ef-084468cfb10f%3FartifactId%3D0420d139-ec34-4219-a74e-a752bb516666&dsh=S-81377639%3A1772477233605794&followup=https%3A%2F%2Fnotebooklm.google.com%2Fnotebook%2F97bfaa5c-e688-42cf-88ef-084468cfb10f%3FartifactId%3D0420d139-ec34-4219-a74e-a752bb516666&ifkv=ASfE1-rYodskKg5ed0rlFC0Ea3QI0osPF8Od_QAZMgPZ7DcFxEeuzcjWggraNUzcdjyC0qqw-PbcXQ&osid=1&passive=1209600&flowName=WebLiteSignIn&flowEntry=ServiceLogin,200,redirects_to_signin
Annex O _ Spacing Measurement,Quiz,https://notebooklm.google.com/notebook/97bfaa5c-e688-42cf-88ef-084468cfb10f?artifactId=a16a5419-edda-44f0-8190-3636144fc9ce,no,https://accounts.google.com/v3/signin/identifier?continue=https%3A%2F%2Fnotebooklm.google.com%2Fnotebook%2F97bfaa5c-e688-42cf-88ef-084468cfb10f%3FartifactId%3Da16a5419-edda-44f0-8190-3636144fc9ce&dsh=S2116788209%3A1772477234281127&followup=https%3A%2F%2Fnotebooklm.google.com%2Fnotebook%2F97bfaa5c-e688-42cf-88ef-084468cfb10f%3FartifactId%3Da16a5419-edda-44f0-8190-3636144fc9ce&ifkv=ASfE1-o6YLYrfB6t3VtlXc0t5QuWLrpw2Za8mnSTAmYdRmKz0EgddYYlWfLp6L3nZo0s_KMlxoGjUQ&osid=1&passive=1209600&flowName=WebLiteSignIn&flowEntry=ServiceLogin,200,redirects_to_signin
Annex P _ Conductive Objects,Video,https://notebooklm.google.com/notebook/e0358897-7f13-4134-b70f-85b17e3cf122?artifactId=5ee130f2-c26a-4bf0-be85-1f906bd15069,no,https://accounts.google.com/v3/signin/identifier?continue=https%3A%2F%2Fnotebooklm.google.com%2Fnotebook%2Fe0358897-7f13-4134-b70f-85b17e3cf122%3FartifactId%3D5ee130f2-c26a-4bf0-be85-1f906bd15069&dsh=S-49979225%3A1772477235601334&followup=https%3A%2F%2Fnotebooklm.google.com%2Fnotebook%2Fe0358897-7f13-4134-b70f-85b17e3cf122%3FartifactId%3D5ee130f2-c26a-4bf0-be85-1f906bd15069&ifkv=ASfE1-r9fni9I_dC_CvIV6UCBsRA0QTlIZw7ZIsUAc6jQzJmUZPA-mngl9vuGAQhegj5UY4Eq7Sp7g&osid=1&passive=1209600&flowName=WebLiteSignIn&flowEntry=ServiceLogin,200,redirects_to_signin
Annex P _ Conductive Objects,Slide,https://notebooklm.google.com/notebook/e0358897-7f13-4134-b70f-85b17e3cf122?artifactId=34cd3d1b-82df-4573-86c6-e4d9d857d121,no,https://accounts.google.com/v3/signin/identifier?continue=https%3A%2F%2Fnotebooklm.google.com%2Fnotebook%2Fe0358897-7f13-4134-b70f-85b17e3cf122%3FartifactId%3D34cd3d1b-82df-4573-86c6-e4d9d857d121&dsh=S219373948%3A1772477236238120&followup=https%3A%2F%2Fnotebooklm.google.com%2Fnotebook%2Fe0358897-7f13-4134-b70f-85b17e3cf122%3FartifactId%3D34cd3d1b-82df-4573-86c6-e4d9d857d121&ifkv=ASfE1-qkCLkRtWG2uTsSckJ3hdXVcj9l3faM_pqgamUq0ZGoPvPNLNBuILvoQh7BIekL2Q6ycaQE6A&osid=1&passive=1209600&flowName=WebLiteSignIn&flowEntry=ServiceLogin,200,redirects_to_signin
Annex P _ Conductive Objects,Voice Prezo,https://docs.google.com/videos/d/1vH-osVAo6BFbwgZc_rbt6Yv3ThMJhWkgJTDhIHt7tcE/edit?usp=sharing,yes,https://docs.google.com/videos/d/1vH-osVAo6BFbwgZc_rbt6Yv3ThMJhWkgJTDhIHt7tcE/edit?usp=sharing,200,reachable
Annex P _ Conductive Objects,Flashcards,https://notebooklm.google.com/notebook/e0358897-7f13-4134-b70f-85b17e3cf122?artifactId=d9ab5ad3-72ea-4fc0-9cab-75a4de6a0be2,no,https://accounts.google.com/v3/signin/identifier?continue=https%3A%2F%2Fnotebooklm.google.com%2Fnotebook%2Fe0358897-7f13-4134-b70f-85b17e3cf122%3FartifactId%3Dd9ab5ad3-72ea-4fc0-9cab-75a4de6a0be2&dsh=S473792718%3A1772477237397016&followup=https%3A%2F%2Fnotebooklm.google.com%2Fnotebook%2Fe0358897-7f13-4134-b70f-85b17e3cf122%3FartifactId%3Dd9ab5ad3-72ea-4fc0-9cab-75a4de6a0be2&ifkv=ASfE1-qk1uHuHJ33BQZWcJq-CV2lcpZ6s278mYKzBIER3seVN8lVvlW0G5_llQlt0RPbKX3Qep61WA&osid=1&passive=1209600&flowName=WebLiteSignIn&flowEntry=ServiceLogin,200,redirects_to_signin
Annex P _ Conductive Objects,Quiz,https://notebooklm.google.com/notebook/e0358897-7f13-4134-b70f-85b17e3cf122?artifactId=95094144-df62-4b63-a594-e22a10b1e109,no,https://accounts.google.com/v3/signin/identifier?continue=https%3A%2F%2Fnotebooklm.google.com%2Fnotebook%2Fe0358897-7f13-4134-b70f-85b17e3cf122%3FartifactId%3D95094144-df62-4b63-a594-e22a10b1e109&dsh=S-820439459%3A1772477238192297&followup=https%3A%2F%2Fnotebooklm.google.com%2Fnotebook%2Fe0358897-7f13-4134-b70f-85b17e3cf122%3FartifactId%3D95094144-df62-4b63-a594-e22a10b1e109&ifkv=ASfE1-rHvBzl1DJsnwwz9EMrOqk8EBL75CVw4gmHud3U99BAcZ3Nol9xRkU49T79XaRp0BJ5wfXrKw&osid=1&passive=1209600&flowName=WebLiteSignIn&flowEntry=ServiceLogin,200,redirects_to_signin
Annex Q _ Limited Power Source,Video,https://notebooklm.google.com/notebook/3e6fbb83-cdbe-486a-9460-74656d6d0a97?artifactId=92c52809-cc99-4a75-a9f0-6e56695ff9a3,no,https://accounts.google.com/v3/signin/identifier?continue=https%3A%2F%2Fnotebooklm.google.com%2Fnotebook%2F3e6fbb83-cdbe-486a-9460-74656d6d0a97%3FartifactId%3D92c52809-cc99-4a75-a9f0-6e56695ff9a3&dsh=S-820439459%3A1772477238824652&followup=https%3A%2F%2Fnotebooklm.google.com%2Fnotebook%2F3e6fbb83-cdbe-486a-9460-74656d6d0a97%3FartifactId%3D92c52809-cc99-4a75-a9f0-6e56695ff9a3&ifkv=ASfE1-qsglsEZ_fF_TwC2GzT6yPZnPEtTmkFgGzcLlB4k9scQZhvopsyFPs5M5G6XspQBBgDenK3Ow&osid=1&passive=1209600&flowName=WebLiteSignIn&flowEntry=ServiceLogin,200,redirects_to_signin
Annex Q _ Limited Power Source,Slide,https://notebooklm.google.com/notebook/3e6fbb83-cdbe-486a-9460-74656d6d0a97?artifactId=0a80c1ef-f474-43c3-af6d-2d9b7ad7d5dc,no,https://accounts.google.com/v3/signin/identifier?continue=https%3A%2F%2Fnotebooklm.google.com%2Fnotebook%2F3e6fbb83-cdbe-486a-9460-74656d6d0a97%3FartifactId%3D0a80c1ef-f474-43c3-af6d-2d9b7ad7d5dc&dsh=S219373948%3A1772477239637719&followup=https%3A%2F%2Fnotebooklm.google.com%2Fnotebook%2F3e6fbb83-cdbe-486a-9460-74656d6d0a97%3FartifactId%3D0a80c1ef-f474-43c3-af6d-2d9b7ad7d5dc&ifkv=ASfE1-onfWZzLlWX5g6NvMh0nhSxTTx55SFy2LKUcQM4PmIFiVi58-KUtaMPFbqiJuEt33e-ACj4nQ&osid=1&passive=1209600&flowName=WebLiteSignIn&flowEntry=ServiceLogin,200,redirects_to_signin
Annex Q _ Limited Power Source,Voice Prezo,https://docs.google.com/videos/d/16A_Om51yrS6YMmPjAXzZ9oO7tbUKb8SJdIyQhpqr1CA/edit?usp=sharing,yes,https://docs.google.com/videos/d/16A_Om51yrS6YMmPjAXzZ9oO7tbUKb8SJdIyQhpqr1CA/edit?usp=sharing,200,reachable
Annex Q _ Limited Power Source,Flashcards,https://notebooklm.google.com/notebook/3e6fbb83-cdbe-486a-9460-74656d6d0a97?artifactId=54a97778-0c88-436b-933b-31a37263a416,no,https://accounts.google.com/v3/signin/identifier?continue=https%3A%2F%2Fnotebooklm.google.com%2Fnotebook%2F3e6fbb83-cdbe-486a-9460-74656d6d0a97%3FartifactId%3D54a97778-0c88-436b-933b-31a37263a416&dsh=S-81377639%3A1772477240755351&followup=https%3A%2F%2Fnotebooklm.google.com%2Fnotebook%2F3e6fbb83-cdbe-486a-9460-74656d6d0a97%3FartifactId%3D54a97778-0c88-436b-933b-31a37263a416&ifkv=ASfE1-rxlRmHgy34YgEBOgGW51G2JESEuuOoTysRPdKJTMZQySi_HHIDzOo4QVQPaSyWoUPEdQhCcA&osid=1&passive=1209600&flowName=WebLiteSignIn&flowEntry=ServiceLogin,200,redirects_to_signin
Annex Q _ Limited Power Source,Quiz,https://notebooklm.google.com/notebook/3e6fbb83-cdbe-486a-9460-74656d6d0a97?artifactId=a1a55732-d3d4-4dbb-ad90-3198891cea01,no,https://accounts.google.com/v3/signin/identifier?continue=https%3A%2F%2Fnotebooklm.google.com%2Fnotebook%2F3e6fbb83-cdbe-486a-9460-74656d6d0a97%3FartifactId%3Da1a55732-d3d4-4dbb-ad90-3198891cea01&dsh=S219373948%3A1772477241459197&followup=https%3A%2F%2Fnotebooklm.google.com%2Fnotebook%2F3e6fbb83-cdbe-486a-9460-74656d6d0a97%3FartifactId%3Da1a55732-d3d4-4dbb-ad90-3198891cea01&ifkv=ASfE1-rbBpRjPQ5VXDAo74avglmyM-P-ZSCWasgsao_PymQRG3DglPCTGhGEaEuwc09WmMARl0du1Q&osid=1&passive=1209600&flowName=WebLiteSignIn&flowEntry=ServiceLogin,200,redirects_to_signin
Annex R _ Limited Short Circuit,Video,https://notebooklm.google.com/notebook/bf849418-a83c-4251-86c8-05fb229dc233?artifactId=164926c0-c18e-416e-b6a4-fecc3ded4087,no,https://accounts.google.com/v3/signin/identifier?continue=https%3A%2F%2Fnotebooklm.google.com%2Fnotebook%2Fbf849418-a83c-4251-86c8-05fb229dc233%3FartifactId%3D164926c0-c18e-416e-b6a4-fecc3ded4087&dsh=S-1977972141%3A1772477242111841&followup=https%3A%2F%2Fnotebooklm.google.com%2Fnotebook%2Fbf849418-a83c-4251-86c8-05fb229dc233%3FartifactId%3D164926c0-c18e-416e-b6a4-fecc3ded4087&ifkv=ASfE1-p8aCrXA1jF2ZWPll5jt7AfusaxvJbho0zIudpBx4PcxPYDcp0zLq5o5mS-_xgSPSdfRX9Z&osid=1&passive=1209600&flowName=WebLiteSignIn&flowEntry=ServiceLogin,200,redirects_to_signin
Annex R _ Limited Short Circuit,Slide,https://notebooklm.google.com/notebook/bf849418-a83c-4251-86c8-05fb229dc233?artifactId=d2cf96fd-8baa-48b4-a947-3a243ca1e897,no,https://accounts.google.com/v3/signin/identifier?continue=https%3A%2F%2Fnotebooklm.google.com%2Fnotebook%2Fbf849418-a83c-4251-86c8-05fb229dc233%3FartifactId%3Dd2cf96fd-8baa-48b4-a947-3a243ca1e897&dsh=S-820439459%3A1772477243000448&followup=https%3A%2F%2Fnotebooklm.google.com%2Fnotebook%2Fbf849418-a83c-4251-86c8-05fb229dc233%3FartifactId%3Dd2cf96fd-8baa-48b4-a947-3a243ca1e897&ifkv=ASfE1-rHpae8hexJaS3PyilknnUfKzc_c3Bd0lIbE-XeodqXqb_H1m_zjuvghwcVSs-c55cQoXjO&osid=1&passive=1209600&flowName=WebLiteSignIn&flowEntry=ServiceLogin,200,redirects_to_signin
Annex R _ Limited Short Circuit,Voice Prezo,https://docs.google.com/videos/d/1Q80lJn5TxA7ssFLwwpxGEHkaIf10bLwtlq7eyioYBNI/edit?usp=sharing,yes,https://docs.google.com/videos/d/1Q80lJn5TxA7ssFLwwpxGEHkaIf10bLwtlq7eyioYBNI/edit?usp=sharing,200,reachable
Annex R _ Limited Short Circuit,Flashcards,https://notebooklm.google.com/notebook/bf849418-a83c-4251-86c8-05fb229dc233?artifactId=ea3416be-7678-4299-8938-b38b3f059812,no,https://accounts.google.com/v3/signin/identifier?continue=https%3A%2F%2Fnotebooklm.google.com%2Fnotebook%2Fbf849418-a83c-4251-86c8-05fb229dc233%3FartifactId%3Dea3416be-7678-4299-8938-b38b3f059812&dsh=S-1977972141%3A1772477244040524&followup=https%3A%2F%2Fnotebooklm.google.com%2Fnotebook%2Fbf849418-a83c-4251-86c8-05fb229dc233%3FartifactId%3Dea3416be-7678-4299-8938-b38b3f059812&ifkv=ASfE1-qORHEbly1hc2FbbYKFlZ0LqDBP-vyt5x7FXsV9eQ7-s1HN6XfPi3uPrsDQ-STGiB5mxkIv&osid=1&passive=1209600&flowName=WebLiteSignIn&flowEntry=ServiceLogin,200,redirects_to_signin
Annex R _ Limited Short Circuit,Quiz,https://notebooklm.google.com/notebook/bf849418-a83c-4251-86c8-05fb229dc233?artifactId=1f2450cb-5483-4849-a424-e5d8166b98d9,no,https://accounts.google.com/v3/signin/identifier?continue=https%3A%2F%2Fnotebooklm.google.com%2Fnotebook%2Fbf849418-a83c-4251-86c8-05fb229dc233%3FartifactId%3D1f2450cb-5483-4849-a424-e5d8166b98d9&dsh=S-81377639%3A1772477244723834&followup=https%3A%2F%2Fnotebooklm.google.com%2Fnotebook%2Fbf849418-a83c-4251-86c8-05fb229dc233%3FartifactId%3D1f2450cb-5483-4849-a424-e5d8166b98d9&ifkv=ASfE1-oquvnJFCLYp4E1Gy--i15kuejeVCWAZ9sI9srXwB6P4y6TIICpCpOfE4uUoJhkKdYVDnTC4Q&osid=1&passive=1209600&flowName=WebLiteSignIn&flowEntry=ServiceLogin,200,redirects_to_signin
Annex S _ Resistance to Fire,Video,https://notebooklm.google.com/notebook/b81d1613-b580-4251-8dd4-46070a0fdb8b?artifactId=5a656504-d1e5-4ca1-a526-2fbdbab7f401,no,https://accounts.google.com/v3/signin/identifier?continue=https%3A%2F%2Fnotebooklm.google.com%2Fnotebook%2Fb81d1613-b580-4251-8dd4-46070a0fdb8b%3FartifactId%3D5a656504-d1e5-4ca1-a526-2fbdbab7f401&dsh=S1494340276%3A1772477245405884&followup=https%3A%2F%2Fnotebooklm.google.com%2Fnotebook%2Fb81d1613-b580-4251-8dd4-46070a0fdb8b%3FartifactId%3D5a656504-d1e5-4ca1-a526-2fbdbab7f401&ifkv=ASfE1-qM-2i3yjygj5zkPgkZ8JrU4CRlblZV1nJCrGYAjtFkfLY4XstMs0w29PwJDfiMSmlHcwQAgA&osid=1&passive=1209600&flowName=WebLiteSignIn&flowEntry=ServiceLogin,200,redirects_to_signin
Annex S _ Resistance to Fire,Slide,https://notebooklm.google.com/notebook/b81d1613-b580-4251-8dd4-46070a0fdb8b?artifactId=208e7d63-305c-4e57-9eb1-2361a3626a05,no,https://accounts.google.com/v3/signin/identifier?continue=https%3A%2F%2Fnotebooklm.google.com%2Fnotebook%2Fb81d1613-b580-4251-8dd4-46070a0fdb8b%3FartifactId%3D208e7d63-305c-4e57-9eb1-2361a3626a05&dsh=S-1977972141%3A1772477246033103&followup=https%3A%2F%2Fnotebooklm.google.com%2Fnotebook%2Fb81d1613-b580-4251-8dd4-46070a0fdb8b%3FartifactId%3D208e7d63-305c-4e57-9eb1-2361a3626a05&ifkv=ASfE1-q-nOuK9MsKTQXu58cYhuVS5r-0K6Z7uxaN3_gkCseb8KTQAcSLQY2FKRJYFB9_q8dZDW8B&osid=1&passive=1209600&flowName=WebLiteSignIn&flowEntry=ServiceLogin,200,redirects_to_signin
Annex S _ Resistance to Fire,Voice Prezo,https://docs.google.com/videos/d/1rUlIqBKDNECKg4a9KJrzC4rIp3CVgj7iw-Ari6qxSY4/edit?usp=sharing,yes,https://docs.google.com/videos/d/1rUlIqBKDNECKg4a9KJrzC4rIp3CVgj7iw-Ari6qxSY4/edit?usp=sharing,200,reachable
Annex S _ Resistance to Fire,Flashcards,https://notebooklm.google.com/notebook/b81d1613-b580-4251-8dd4-46070a0fdb8b?artifactId=7b17ab34-b779-429f-9440-06ada06b7aec,no,https://accounts.google.com/v3/signin/identifier?continue=https%3A%2F%2Fnotebooklm.google.com%2Fnotebook%2Fb81d1613-b580-4251-8dd4-46070a0fdb8b%3FartifactId%3D7b17ab34-b779-429f-9440-06ada06b7aec&dsh=S-81377639%3A1772477247314050&followup=https%3A%2F%2Fnotebooklm.google.com%2Fnotebook%2Fb81d1613-b580-4251-8dd4-46070a0fdb8b%3FartifactId%3D7b17ab34-b779-429f-9440-06ada06b7aec&ifkv=ASfE1-pX6HnA-kgSngJemlCDJeVn-IaR58sLpjA9ifO35n3J3fO9Luhv_d2eynL3Q7FhG-Vi87-HJg&osid=1&passive=1209600&flowName=WebLiteSignIn&flowEntry=ServiceLogin,200,redirects_to_signin
Annex S _ Resistance to Fire,Quiz,https://notebooklm.google.com/notebook/b81d1613-b580-4251-8dd4-46070a0fdb8b?artifactId=11f2a572-2211-4b41-aa83-c5a104de868b,no,https://accounts.google.com/v3/signin/identifier?continue=https%3A%2F%2Fnotebooklm.google.com%2Fnotebook%2Fb81d1613-b580-4251-8dd4-46070a0fdb8b%3FartifactId%3D11f2a572-2211-4b41-aa83-c5a104de868b&dsh=S2116788209%3A1772477247953523&followup=https%3A%2F%2Fnotebooklm.google.com%2Fnotebook%2Fb81d1613-b580-4251-8dd4-46070a0fdb8b%3FartifactId%3D11f2a572-2211-4b41-aa83-c5a104de868b&ifkv=ASfE1-pTk5esbdHzo3MH0wbcO-P8Cnj3TduasCrQnEXkWLZKeB63pfP7IlbC_owEjN7J277AgVro&osid=1&passive=1209600&flowName=WebLiteSignIn&flowEntry=ServiceLogin,200,redirects_to_signin
Annex T _ Mechanical Tests,Video,https://notebooklm.google.com/notebook/2fb716ca-1aa4-428b-a695-d4dab0ee3510?artifactId=bb5fbec0-65a6-4ccf-9d49-40b061056505,no,https://accounts.google.com/v3/signin/identifier?continue=https%3A%2F%2Fnotebooklm.google.com%2Fnotebook%2F2fb716ca-1aa4-428b-a695-d4dab0ee3510%3FartifactId%3Dbb5fbec0-65a6-4ccf-9d49-40b061056505&dsh=S1494340276%3A1772477248808243&followup=https%3A%2F%2Fnotebooklm.google.com%2Fnotebook%2F2fb716ca-1aa4-428b-a695-d4dab0ee3510%3FartifactId%3Dbb5fbec0-65a6-4ccf-9d49-40b061056505&ifkv=ASfE1-prgR8R64KUkb0p3p9zD5gt1uuqr2eE1nblpr8RaEiG9ykmBqOdx60aujnGYLcrd3YeyAlAQQ&osid=1&passive=1209600&flowName=WebLiteSignIn&flowEntry=ServiceLogin,200,redirects_to_signin
Annex T _ Mechanical Tests,Slide,https://notebooklm.google.com/notebook/2fb716ca-1aa4-428b-a695-d4dab0ee3510?artifactId=b546f5ed-dd07-49e6-a485-d9e9d786952b,no,https://accounts.google.com/v3/signin/identifier?continue=https%3A%2F%2Fnotebooklm.google.com%2Fnotebook%2F2fb716ca-1aa4-428b-a695-d4dab0ee3510%3FartifactId%3Db546f5ed-dd07-49e6-a485-d9e9d786952b&dsh=S-1977972141%3A1772477249586289&followup=https%3A%2F%2Fnotebooklm.google.com%2Fnotebook%2F2fb716ca-1aa4-428b-a695-d4dab0ee3510%3FartifactId%3Db546f5ed-dd07-49e6-a485-d9e9d786952b&ifkv=ASfE1-ryJhF8nNqOEhIHvcPPBcq4C1tb3ooo5xeQKovxhjzpZahR5ZKx-03tO7B-bqEo3VKxEZO2DA&osid=1&passive=1209600&flowName=WebLiteSignIn&flowEntry=ServiceLogin,200,redirects_to_signin
Annex T _ Mechanical Tests,Voice Prezo,https://docs.google.com/videos/d/1jOWx8T62zl30IqlG4jtYEsdQVET6ehCjzHUH5CkACd4/edit?usp=sharing,yes,https://docs.google.com/videos/d/1jOWx8T62zl30IqlG4jtYEsdQVET6ehCjzHUH5CkACd4/edit?usp=sharing,200,reachable
Annex T _ Mechanical Tests,Flashcards,https://notebooklm.google.com/notebook/2fb716ca-1aa4-428b-a695-d4dab0ee3510?artifactId=f9413c3a-01c3-4719-98e3-b9fcea6bd46e,no,https://accounts.google.com/v3/signin/identifier?continue=https%3A%2F%2Fnotebooklm.google.com%2Fnotebook%2F2fb716ca-1aa4-428b-a695-d4dab0ee3510%3FartifactId%3Df9413c3a-01c3-4719-98e3-b9fcea6bd46e&dsh=S-1977972141%3A1772477251061312&followup=https%3A%2F%2Fnotebooklm.google.com%2Fnotebook%2F2fb716ca-1aa4-428b-a695-d4dab0ee3510%3FartifactId%3Df9413c3a-01c3-4719-98e3-b9fcea6bd46e&ifkv=ASfE1-qGuHT03qZpkli7v1awQ5bQCFosSF_6VoYItJvCDJlJpxUe2rk50HPyh-c_CVPLW6yYzI7h&osid=1&passive=1209600&flowName=WebLiteSignIn&flowEntry=ServiceLogin,200,redirects_to_signin
Annex T _ Mechanical Tests,Quiz,https://notebooklm.google.com/notebook/2fb716ca-1aa4-428b-a695-d4dab0ee3510?artifactId=ef2ca800-ec21-4d15-a250-c401f3fb30d9,no,https://accounts.google.com/v3/signin/identifier?continue=https%3A%2F%2Fnotebooklm.google.com%2Fnotebook%2F2fb716ca-1aa4-428b-a695-d4dab0ee3510%3FartifactId%3Def2ca800-ec21-4d15-a250-c401f3fb30d9&dsh=S219373948%3A1772477251714443&followup=https%3A%2F%2Fnotebooklm.google.com%2Fnotebook%2F2fb716ca-1aa4-428b-a695-d4dab0ee3510%3FartifactId%3Def2ca800-ec21-4d15-a250-c401f3fb30d9&ifkv=ASfE1-rd_CfA6wfxG8oGgyHPmCDSi6V4NnkWpPNAQO4i6T8tmvdd-QEa4--PnN2pPJoRK8o2p60x8g&osid=1&passive=1209600&flowName=WebLiteSignIn&flowEntry=ServiceLogin,200,redirects_to_signin
Annex V _ Accessible Parts,Video,https://notebooklm.google.com/notebook/b3330074-ae33-4ece-9901-a00f7026777a?artifactId=f8f32e1d-8ebc-41ed-ad7c-4a59f766f224,no,https://accounts.google.com/v3/signin/identifier?continue=https%3A%2F%2Fnotebooklm.google.com%2Fnotebook%2Fb3330074-ae33-4ece-9901-a00f7026777a%3FartifactId%3Df8f32e1d-8ebc-41ed-ad7c-4a59f766f224&dsh=S-49979225%3A1772477252403392&followup=https%3A%2F%2Fnotebooklm.google.com%2Fnotebook%2Fb3330074-ae33-4ece-9901-a00f7026777a%3FartifactId%3Df8f32e1d-8ebc-41ed-ad7c-4a59f766f224&ifkv=ASfE1-rv8uf96WfH9TgRODBWbC7f0fpV2_5J-gY8To4mbsAUMgLZGZAVPbWZBL7fAcOZFiftdgcpdg&osid=1&passive=1209600&flowName=WebLiteSignIn&flowEntry=ServiceLogin,200,redirects_to_signin
Annex V _ Accessible Parts,Slide,https://notebooklm.google.com/notebook/b3330074-ae33-4ece-9901-a00f7026777a?artifactId=5593043e-f4d8-4bff-8b3d-cbb2fad5ece6,no,https://accounts.google.com/v3/signin/identifier?continue=https%3A%2F%2Fnotebooklm.google.com%2Fnotebook%2Fb3330074-ae33-4ece-9901-a00f7026777a%3FartifactId%3D5593043e-f4d8-4bff-8b3d-cbb2fad5ece6&dsh=S203960449%3A1772477253212414&followup=https%3A%2F%2Fnotebooklm.google.com%2Fnotebook%2Fb3330074-ae33-4ece-9901-a00f7026777a%3FartifactId%3D5593043e-f4d8-4bff-8b3d-cbb2fad5ece6&ifkv=ASfE1-qpSeCuNmkLBGgqXNsUFgoiU53-xVdpF_ijLH0xUKIwsnTP4kevwvsyaTErHIdEdNWKwvgCyQ&osid=1&passive=1209600&flowName=WebLiteSignIn&flowEntry=ServiceLogin,200,redirects_to_signin
Annex V _ Accessible Parts,Voice Prezo,https://docs.google.com/videos/d/1J2sW58UBdWWCkKJE1FZKm6X8vZMJQfRvTKxY59qUTh0/edit?usp=sharing,yes,https://docs.google.com/videos/d/1J2sW58UBdWWCkKJE1FZKm6X8vZMJQfRvTKxY59qUTh0/play,200,reachable
Annex V _ Accessible Parts,Flashcards,https://notebooklm.google.com/notebook/b3330074-ae33-4ece-9901-a00f7026777a?artifactId=10eca7f9-1232-4d28-9a53-e1fd6dda65aa,no,https://accounts.google.com/v3/signin/identifier?continue=https%3A%2F%2Fnotebooklm.google.com%2Fnotebook%2Fb3330074-ae33-4ece-9901-a00f7026777a%3FartifactId%3D10eca7f9-1232-4d28-9a53-e1fd6dda65aa&dsh=S473792718%3A1772477254796303&followup=https%3A%2F%2Fnotebooklm.google.com%2Fnotebook%2Fb3330074-ae33-4ece-9901-a00f7026777a%3FartifactId%3D10eca7f9-1232-4d28-9a53-e1fd6dda65aa&ifkv=ASfE1-qDIwe1bckNM9IPBHvSSn90ffpgnsBct8qhJLWiqRK6ym999AiVPULUqTI-s3HqM2KeoV9UVg&osid=1&passive=1209600&flowName=WebLiteSignIn&flowEntry=ServiceLogin,200,redirects_to_signin
Annex V _ Accessible Parts,Quiz,https://notebooklm.google.com/notebook/b3330074-ae33-4ece-9901-a00f7026777a?artifactId=03d54dba-086b-4be4-a91b-213be0d17d0e,no,https://accounts.google.com/v3/signin/identifier?continue=https%3A%2F%2Fnotebooklm.google.com%2Fnotebook%2Fb3330074-ae33-4ece-9901-a00f7026777a%3FartifactId%3D03d54dba-086b-4be4-a91b-213be0d17d0e&dsh=S-49979225%3A1772477255474882&followup=https%3A%2F%2Fnotebooklm.google.com%2Fnotebook%2Fb3330074-ae33-4ece-9901-a00f7026777a%3FartifactId%3D03d54dba-086b-4be4-a91b-213be0d17d0e&ifkv=ASfE1-qrkHJ4rPs5HAcjNppmvgo_1jjOG2YC1yoMmkn3fqYJz_UauM_P4Bd--TzTHNK9H9lJRAge-w&osid=1&passive=1209600&flowName=WebLiteSignIn&flowEntry=ServiceLogin,200,redirects_to_signin
Annex Y.5 _ Equipment within an Outdoor Enclosure,Video,https://notebooklm.google.com/notebook/96f12307-f53d-4938-801e-8d7fcc0b8645?artifactId=474426fa-bf54-4f9a-8c04-067040c7a449,no,https://accounts.google.com/v3/signin/identifier?continue=https%3A%2F%2Fnotebooklm.google.com%2Fnotebook%2F96f12307-f53d-4938-801e-8d7fcc0b8645%3FartifactId%3D474426fa-bf54-4f9a-8c04-067040c7a449&dsh=S-1977972141%3A1772477256295298&followup=https%3A%2F%2Fnotebooklm.google.com%2Fnotebook%2F96f12307-f53d-4938-801e-8d7fcc0b8645%3FartifactId%3D474426fa-bf54-4f9a-8c04-067040c7a449&ifkv=ASfE1-rfBv6_Uwrnc6si1sizXkesLdVS4_xXBLQP0CZxT_EjgBPtzS8bOouRYiz4uaFoDfqOFOyfrg&osid=1&passive=1209600&flowName=WebLiteSignIn&flowEntry=ServiceLogin,200,redirects_to_signin
Annex Y.5 _ Equipment within an Outdoor Enclosure,Slide,https://notebooklm.google.com/notebook/96f12307-f53d-4938-801e-8d7fcc0b8645?artifactId=0832a283-7496-428e-9775-8c80d0830a39,no,https://accounts.google.com/v3/signin/identifier?continue=https%3A%2F%2Fnotebooklm.google.com%2Fnotebook%2F96f12307-f53d-4938-801e-8d7fcc0b8645%3FartifactId%3D0832a283-7496-428e-9775-8c80d0830a39&dsh=S-81377639%3A1772477256923166&followup=https%3A%2F%2Fnotebooklm.google.com%2Fnotebook%2F96f12307-f53d-4938-801e-8d7fcc0b8645%3FartifactId%3D0832a283-7496-428e-9775-8c80d0830a39&ifkv=ASfE1-p5FIcmzLGGEDKoP3wzl4pqR3clr_BAT_rvMLn5zOLZ9Of1JHhx12ntxUEGY3lIRGYToInp&osid=1&passive=1209600&flowName=WebLiteSignIn&flowEntry=ServiceLogin,200,redirects_to_signin
Annex Y.5 _ Equipment within an Outdoor Enclosure,Voice Prezo,https://docs.google.com/videos/d/1Cl7TzyuozUuYYQAU_-4-lQikhczH6pDlhePYHXNl65c/edit?usp=sharing,yes,https://docs.google.com/videos/d/1Cl7TzyuozUuYYQAU_-4-lQikhczH6pDlhePYHXNl65c/edit?usp=sharing,200,reachable
Annex Y.5 _ Equipment within an Outdoor Enclosure,Flashcards,https://notebooklm.google.com/notebook/96f12307-f53d-4938-801e-8d7fcc0b8645?artifactId=c729273b-d4f6-4ddc-a1d8-ceebfae0c179,no,https://accounts.google.com/v3/signin/identifier?continue=https%3A%2F%2Fnotebooklm.google.com%2Fnotebook%2F96f12307-f53d-4938-801e-8d7fcc0b8645%3FartifactId%3Dc729273b-d4f6-4ddc-a1d8-ceebfae0c179&dsh=S219373948%3A1772477257974756&followup=https%3A%2F%2Fnotebooklm.google.com%2Fnotebook%2F96f12307-f53d-4938-801e-8d7fcc0b8645%3FartifactId%3Dc729273b-d4f6-4ddc-a1d8-ceebfae0c179&ifkv=ASfE1-qPZi8Nv2YwhNjhA5BY1NMwsUjG71f_KEF_YB55ZpkDU3ApCryRbM74uR7LgAaTaaLzg_AS&osid=1&passive=1209600&flowName=WebLiteSignIn&flowEntry=ServiceLogin,200,redirects_to_signin
Annex Y.5 _ Equipment within an Outdoor Enclosure,Quiz,https://notebooklm.google.com/notebook/96f12307-f53d-4938-801e-8d7fcc0b8645?artifactId=d01d2f2e-55f0-4fc9-abd4-6be38c4f871c,no,https://accounts.google.com/v3/signin/identifier?continue=https%3A%2F%2Fnotebooklm.google.com%2Fnotebook%2F96f12307-f53d-4938-801e-8d7fcc0b8645%3FartifactId%3Dd01d2f2e-55f0-4fc9-abd4-6be38c4f871c&dsh=S1494340276%3A1772477258670359&followup=https%3A%2F%2Fnotebooklm.google.com%2Fnotebook%2F96f12307-f53d-4938-801e-8d7fcc0b8645%3FartifactId%3Dd01d2f2e-55f0-4fc9-abd4-6be38c4f871c&ifkv=ASfE1-r1QAYW4gvpqILUe1sd7cW9_AESQNGP8K1TkFiXw0aTtscrKeQkbWhqvyzaEJc-n24cQaiWNA&osid=1&passive=1209600&flowName=WebLiteSignIn&flowEntry=ServiceLogin,200,redirects_to_signin
